"# number of clusters:"	30	
"# number of supporting sequences used:"	73	
"M1L"	-0.79	"Neutral"
"M1V"	-0.718	"Neutral"
"M1K"	-0.853	"Neutral"
"M1T"	-0.819	"Neutral"
"M1R"	-0.716	"Neutral"
"M1I"	-0.804	"Neutral"
"A2T"	-0.707	"Neutral"
"A2P"	-1.347	"Neutral"
"A2S"	-0.722	"Neutral"
"A2E"	-1.267	"Neutral"
"A2G"	-1.101	"Neutral"
"A2V"	-0.59	"Neutral"
"A3T"	-0.374	"Neutral"
"A3P"	-0.859	"Neutral"
"A3S"	0.078	"Neutral"
"A3E"	-0.347	"Neutral"
"A3G"	-0.271	"Neutral"
"A3V"	-0.596	"Neutral"
"P4T"	-0.522	"Neutral"
"P4A"	-0.472	"Neutral"
"P4S"	-0.194	"Neutral"
"P4H"	-1.043	"Neutral"
"P4R"	-1.007	"Neutral"
"P4L"	-0.745	"Neutral"
"R5W"	-0.253	"Neutral"
"R5G"	0.244	"Neutral"
"R5K"	0.025	"Neutral"
"R5T"	0.14	"Neutral"
"R5M"	-0.182	"Neutral"
"R5S"	0.373	"Neutral"
"M6L"	0.057	"Neutral"
"M6V"	-0.011	"Neutral"
"M6K"	-0.04	"Neutral"
"M6T"	0.207	"Neutral"
"M6R"	0.002	"Neutral"
"M6I"	0.006	"Neutral"
"P7T"	-0.043	"Neutral"
"P7A"	-0.085	"Neutral"
"P7S"	-0.017	"Neutral"
"P7Q"	-0.068	"Neutral"
"P7R"	-0.537	"Neutral"
"P7L"	-0.176	"Neutral"
"P8T"	-0.451	"Neutral"
"P8A"	-0.356	"Neutral"
"P8S"	0.214	"Neutral"
"P8H"	-0.843	"Neutral"
"P8R"	-0.876	"Neutral"
"P8L"	-0.45	"Neutral"
"S9T"	-0.193	"Neutral"
"S9P"	-0.475	"Neutral"
"S9A"	-0.125	"Neutral"
"S9Y"	-1.307	"Neutral"
"S9C"	-0.561	"Neutral"
"S9F"	-1.242	"Neutral"
"R10G"	0.151	"Neutral"
"R10W"	-0.906	"Neutral"
"R10Q"	-0.196	"Neutral"
"R10P"	-0.658	"Neutral"
"R10L"	-0.549	"Neutral"
"L11M"	-0.284	"Neutral"
"L11V"	-0.325	"Neutral"
"L11Q"	-0.834	"Neutral"
"L11P"	-1.529	"Neutral"
"L11R"	-0.887	"Neutral"
"S12T"	-0.1	"Neutral"
"S12P"	-0.57	"Neutral"
"S12A"	-0.05	"Neutral"
"S12W"	-0.973	"Neutral"
"S12L"	-0.581	"Neutral"
"G13S"	-0.235	"Neutral"
"G13R"	-0.869	"Neutral"
"G13C"	-0.393	"Neutral"
"G13D"	-0.509	"Neutral"
"G13A"	-0.435	"Neutral"
"G13V"	-0.793	"Neutral"
"I14F"	-0.396	"Neutral"
"I14L"	-0.242	"Neutral"
"I14V"	0.104	"Neutral"
"I14N"	0.134	"Neutral"
"I14T"	0.055	"Neutral"
"I14S"	-0.04	"Neutral"
"I14M"	-0.373	"Neutral"
"M15L"	0.061	"Neutral"
"M15V"	-0.208	"Neutral"
"M15K"	-0.514	"Neutral"
"M15T"	-0.394	"Neutral"
"M15R"	-0.583	"Neutral"
"M15I"	-0.252	"Neutral"
"V16M"	0.029	"Neutral"
"V16L"	0.088	"Neutral"
"V16E"	0.449	"Neutral"
"V16A"	0.056	"Neutral"
"V16G"	0.497	"Neutral"
"P17T"	-0.155	"Neutral"
"P17A"	0.12	"Neutral"
"P17S"	0.503	"Neutral"
"P17H"	0.374	"Neutral"
"P17R"	-0.207	"Neutral"
"P17L"	-0.739	"Neutral"
"A18T"	-0.59	"Neutral"
"A18P"	-0.661	"Neutral"
"A18S"	-0.28	"Neutral"
"A18E"	0.372	"Neutral"
"A18G"	-0.701	"Neutral"
"A18V"	-0.224	"Neutral"
"P19T"	0.003	"Neutral"
"P19A"	-0.147	"Neutral"
"P19S"	0.27	"Neutral"
"P19H"	0.485	"Neutral"
"P19R"	-0.313	"Neutral"
"P19L"	-0.262	"Neutral"
"I20F"	0.149	"Neutral"
"I20L"	0.074	"Neutral"
"I20V"	0.057	"Neutral"
"I20N"	1.405	"Neutral"
"I20T"	0.53	"Neutral"
"I20S"	1.023	"Neutral"
"I20M"	0.334	"Neutral"
"Q21K"	0.051	"Neutral"
"Q21E"	0.359	"Neutral"
"Q21L"	-1.398	"Neutral"
"Q21P"	-1.01	"Neutral"
"Q21R"	0.093	"Neutral"
"Q21H"	-0.328	"Neutral"
"D22N"	0.278	"Neutral"
"D22H"	0.721	"Neutral"
"D22Y"	-0.065	"Neutral"
"D22V"	-0.499	"Neutral"
"D22A"	-0.397	"Neutral"
"D22G"	-0.784	"Neutral"
"D22E"	0.396	"Neutral"
"L23M"	-0.384	"Neutral"
"L23V"	-0.341	"Neutral"
"L23Q"	-1.052	"Neutral"
"L23P"	-1.587	"Neutral"
"L23R"	-1.257	"Neutral"
"E24K"	-0.685	"Neutral"
"E24Q"	-0.286	"Neutral"
"E24V"	-1.131	"Neutral"
"E24A"	-0.91	"Neutral"
"E24G"	-1.315	"Neutral"
"E24D"	-0.872	"Neutral"
"A25T"	0.232	"Neutral"
"A25P"	-0.997	"Neutral"
"A25S"	-0.061	"Neutral"
"A25D"	-0.907	"Neutral"
"A25G"	-0.649	"Neutral"
"A25V"	-0.007	"Neutral"
"L26M"	-0.756	"Neutral"
"L26V"	-0.938	"Neutral"
"L26S"	-1.866	"Neutral"
"L26W"	-1.052	"Neutral"
"L26F"	-1.729	"Neutral"
"R27S"	-0.56	"Neutral"
"R27G"	-1.715	"Neutral"
"R27C"	-1.216	"Neutral"
"R27H"	-0.806	"Neutral"
"R27P"	-0.406	"Neutral"
"R27L"	-1.198	"Neutral"
"A28T"	0.421	"Neutral"
"A28P"	-0.711	"Neutral"
"A28S"	0.331	"Neutral"
"A28E"	0.403	"Neutral"
"A28G"	-1.007	"Neutral"
"A28V"	-0.574	"Neutral"
"L29I"	-0.731	"Neutral"
"L29V"	-1.13	"Neutral"
"L29F"	-1.129	"Neutral"
"L29H"	-2.376	"Neutral"
"L29P"	-2.07	"Neutral"
"L29R"	-2.185	"Neutral"
"T30S"	-0.907	"Neutral"
"T30P"	-1.552	"Neutral"
"T30A"	-1.247	"Neutral"
"T30K"	-1.605	"Neutral"
"T30R"	-1.991	"Neutral"
"T30M"	-1.885	"Neutral"
"A31T"	-0.785	"Neutral"
"A31P"	-0.699	"Neutral"
"A31S"	0.299	"Neutral"
"A31E"	-0.674	"Neutral"
"A31G"	-0.022	"Neutral"
"A31V"	-1.58	"Neutral"
"L32I"	-0.32	"Neutral"
"L32V"	-0.538	"Neutral"
"L32F"	-1.44	"Neutral"
"L32H"	-2.759	"Deleterious"
"L32P"	-2.479	"Neutral"
"L32R"	-2.135	"Neutral"
"F33I"	-1.932	"Neutral"
"F33L"	-1.541	"Neutral"
"F33V"	-2.368	"Neutral"
"F33Y"	-1.355	"Neutral"
"F33S"	-2.536	"Deleterious"
"F33C"	-2.411	"Neutral"
"K34Q"	-0.437	"Neutral"
"K34E"	-0.721	"Neutral"
"K34M"	-0.841	"Neutral"
"K34T"	-1.11	"Neutral"
"K34R"	0.77	"Neutral"
"K34N"	-0.964	"Neutral"
"E35K"	-1.337	"Neutral"
"E35Q"	-0.969	"Neutral"
"E35V"	-1.395	"Neutral"
"E35A"	-1.402	"Neutral"
"E35G"	-2.09	"Neutral"
"E35D"	0.064	"Neutral"
"Q36K"	-0.529	"Neutral"
"Q36E"	0.25	"Neutral"
"Q36L"	-1.359	"Neutral"
"Q36P"	-0.938	"Neutral"
"Q36R"	-0.974	"Neutral"
"Q36H"	-1.272	"Neutral"
"R37S"	-0.38	"Neutral"
"R37G"	-1.529	"Neutral"
"R37C"	-2.064	"Neutral"
"R37H"	-0.914	"Neutral"
"R37P"	-1.47	"Neutral"
"R37L"	-1.465	"Neutral"
"N38Y"	1.495	"Neutral"
"N38H"	0.541	"Neutral"
"N38D"	-0.409	"Neutral"
"N38I"	-0.621	"Neutral"
"N38T"	-0.446	"Neutral"
"N38S"	-0.064	"Neutral"
"N38K"	-0.246	"Neutral"
"R39G"	-2.616	"Deleterious"
"R39W"	-1.798	"Neutral"
"R39Q"	-1.381	"Neutral"
"R39P"	-2.805	"Deleterious"
"R39L"	-2.938	"Deleterious"
"E40K"	-1.909	"Neutral"
"E40Q"	-1.397	"Neutral"
"E40V"	-2.975	"Deleterious"
"E40A"	-2.309	"Neutral"
"E40G"	-2.393	"Neutral"
"E40D"	-0.874	"Neutral"
"T41S"	-0.933	"Neutral"
"T41P"	-2.306	"Neutral"
"T41A"	-1.325	"Neutral"
"T41K"	-1.683	"Neutral"
"T41R"	-1.783	"Neutral"
"T41I"	-1.739	"Neutral"
"A42T"	-0.956	"Neutral"
"A42P"	-2.036	"Neutral"
"A42S"	-0.775	"Neutral"
"A42E"	-1.519	"Neutral"
"A42G"	-1.589	"Neutral"
"A42V"	-0.356	"Neutral"
"P43T"	-1.211	"Neutral"
"P43A"	-1.061	"Neutral"
"P43S"	-1.044	"Neutral"
"P43H"	-1.592	"Neutral"
"P43R"	-1.792	"Neutral"
"P43L"	-2.006	"Neutral"
"R44G"	-1.997	"Neutral"
"R44K"	0.225	"Neutral"
"R44T"	-1.217	"Neutral"
"R44I"	-1.878	"Neutral"
"R44S"	-0.933	"Neutral"
"T45S"	0.439	"Neutral"
"T45P"	-0.883	"Neutral"
"T45A"	-0.658	"Neutral"
"T45K"	0.178	"Neutral"
"T45R"	0.106	"Neutral"
"T45M"	-1.233	"Neutral"
"I46F"	-1.161	"Neutral"
"I46L"	-0.672	"Neutral"
"I46V"	-0.125	"Neutral"
"I46N"	-1.175	"Neutral"
"I46T"	-1.003	"Neutral"
"I46S"	-1.294	"Neutral"
"I46M"	-0.931	"Neutral"
"F47I"	-2.05	"Neutral"
"F47L"	-2.083	"Neutral"
"F47V"	-2.664	"Deleterious"
"F47Y"	-1.242	"Neutral"
"F47S"	-3.711	"Deleterious"
"F47C"	-3.378	"Deleterious"
"Q48K"	-0.811	"Neutral"
"Q48E"	-0.797	"Neutral"
"Q48L"	-2.442	"Neutral"
"Q48P"	-1.683	"Neutral"
"Q48R"	-0.411	"Neutral"
"Q48H"	-1.681	"Neutral"
"R49G"	-1.464	"Neutral"
"R49K"	0.392	"Neutral"
"R49T"	-0.217	"Neutral"
"R49I"	-1.111	"Neutral"
"R49S"	0.017	"Neutral"
"V50I"	0.264	"Neutral"
"V50L"	0.292	"Neutral"
"V50F"	-1.797	"Neutral"
"V50D"	-3.119	"Deleterious"
"V50A"	-1.444	"Neutral"
"V50G"	-3.653	"Deleterious"
"L51M"	-0.072	"Neutral"
"L51V"	-0.653	"Neutral"
"L51Q"	-0.689	"Neutral"
"L51P"	-1.614	"Neutral"
"L51R"	-0.817	"Neutral"
"D52N"	-0.369	"Neutral"
"D52H"	-1.131	"Neutral"
"D52Y"	-1.958	"Neutral"
"D52V"	-1.742	"Neutral"
"D52A"	-1.078	"Neutral"
"D52G"	-1.581	"Neutral"
"D52E"	0.344	"Neutral"
"I53F"	-1.522	"Neutral"
"I53L"	-0.761	"Neutral"
"I53V"	-0.247	"Neutral"
"I53N"	-2.714	"Deleterious"
"I53T"	-1.919	"Neutral"
"I53S"	-2.083	"Neutral"
"I53M"	-1.192	"Neutral"
"L54I"	-0.761	"Neutral"
"L54V"	-1.192	"Neutral"
"L54S"	-2.017	"Neutral"
"L54F"	-1.356	"Neutral"
"K55Q"	-0.644	"Neutral"
"K55E"	-0.3	"Neutral"
"K55M"	-1.239	"Neutral"
"K55T"	-0.278	"Neutral"
"K55R"	-0.875	"Neutral"
"K55N"	-0.336	"Neutral"
"K56Q"	-1.17	"Neutral"
"K56E"	-1.134	"Neutral"
"K56M"	-1.903	"Neutral"
"K56T"	-1.548	"Neutral"
"K56R"	-0.471	"Neutral"
"K56N"	-1.578	"Neutral"
"S57T"	-0.153	"Neutral"
"S57P"	-1.419	"Neutral"
"S57A"	0.047	"Neutral"
"S57Y"	-1.1	"Neutral"
"S57C"	-0.597	"Neutral"
"S57F"	-0.733	"Neutral"
"T58S"	1.148	"Neutral"
"T58P"	-1.324	"Neutral"
"T58A"	-0.007	"Neutral"
"T58N"	0.176	"Neutral"
"T58I"	-0.984	"Neutral"
"H59N"	-0.176	"Neutral"
"H59D"	-0.456	"Neutral"
"H59Y"	-0.15	"Neutral"
"H59L"	-0.893	"Neutral"
"H59P"	-1.159	"Neutral"
"H59R"	-0.074	"Neutral"
"H59Q"	-0.036	"Neutral"
"A60T"	-0.222	"Neutral"
"A60P"	-0.759	"Neutral"
"A60S"	0.33	"Neutral"
"A60D"	0.245	"Neutral"
"A60G"	-0.781	"Neutral"
"A60V"	-0.256	"Neutral"
"V61I"	-0.095	"Neutral"
"V61L"	-0.745	"Neutral"
"V61F"	-1.911	"Neutral"
"V61D"	-2.151	"Neutral"
"V61A"	-1.183	"Neutral"
"V61G"	-2.858	"Deleterious"
"E62K"	-0.939	"Neutral"
"E62Q"	-0.242	"Neutral"
"E62V"	-2.314	"Neutral"
"E62A"	-1.883	"Neutral"
"E62G"	-2.581	"Deleterious"
"E62D"	-0.875	"Neutral"
"L63M"	-0.411	"Neutral"
"L63V"	-0.225	"Neutral"
"L63Q"	-0.767	"Neutral"
"L63P"	-1.647	"Neutral"
"L63R"	-1.133	"Neutral"
"A64T"	-1.089	"Neutral"
"A64P"	-2.042	"Neutral"
"A64S"	-1.114	"Neutral"
"A64D"	-2.228	"Neutral"
"A64G"	-2	"Neutral"
"A64V"	-0.994	"Neutral"
"C65S"	-2.239	"Neutral"
"C65R"	-3.4	"Deleterious"
"C65G"	-2.75	"Deleterious"
"C65Y"	-3.069	"Deleterious"
"C65F"	-2.836	"Deleterious"
"C65W"	-3.519	"Deleterious"
"R66W"	-1.561	"Neutral"
"R66G"	-0.947	"Neutral"
"R66K"	0.042	"Neutral"
"R66T"	-0.667	"Neutral"
"R66M"	-0.983	"Neutral"
"R66S"	-0.3	"Neutral"
"D67N"	-1.011	"Neutral"
"D67H"	-1.833	"Neutral"
"D67Y"	-1.928	"Neutral"
"D67V"	-2.078	"Neutral"
"D67A"	-1.964	"Neutral"
"D67G"	-1.972	"Neutral"
"D67E"	-0.219	"Neutral"
"P68T"	0.622	"Neutral"
"P68A"	0.406	"Neutral"
"P68S"	0.839	"Neutral"
"P68H"	-0.692	"Neutral"
"P68R"	-0.592	"Neutral"
"P68L"	0.344	"Neutral"
"S69T"	-0.668	"Neutral"
"S69P"	-1.453	"Neutral"
"S69A"	-0.592	"Neutral"
"S69Y"	-1.428	"Neutral"
"S69C"	-1.284	"Neutral"
"S69F"	-1.178	"Neutral"
"Q70K"	-0.347	"Neutral"
"Q70E"	0.081	"Neutral"
"Q70L"	-0.553	"Neutral"
"Q70P"	-0.892	"Neutral"
"Q70R"	-0.528	"Neutral"
"Q70H"	-0.319	"Neutral"
"V71M"	-0.378	"Neutral"
"V71L"	-0.328	"Neutral"
"V71E"	-0.925	"Neutral"
"V71A"	-0.175	"Neutral"
"V71G"	-1.098	"Neutral"
"E72K"	-0.247	"Neutral"
"E72Q"	-0.367	"Neutral"
"E72V"	-0.925	"Neutral"
"E72A"	-0.756	"Neutral"
"E72G"	-1.119	"Neutral"
"E72D"	-0.389	"Neutral"
"H73N"	-0.047	"Neutral"
"H73D"	-0.183	"Neutral"
"H73Y"	-0.475	"Neutral"
"H73L"	-1.183	"Neutral"
"H73P"	-0.619	"Neutral"
"H73R"	-0.908	"Neutral"
"H73Q"	-0.308	"Neutral"
"L74M"	-0.561	"Neutral"
"L74V"	-0.625	"Neutral"
"L74Q"	-1.3	"Neutral"
"L74P"	-1.914	"Neutral"
"L74R"	-1.767	"Neutral"
"A75T"	-0.272	"Neutral"
"A75P"	-0.269	"Neutral"
"A75S"	-0.258	"Neutral"
"A75D"	0.017	"Neutral"
"A75G"	-1.172	"Neutral"
"A75V"	-0.422	"Neutral"
"S76T"	-0.494	"Neutral"
"S76P"	-0.341	"Neutral"
"S76A"	-0.522	"Neutral"
"S76Y"	-1.788	"Neutral"
"S76C"	-1.221	"Neutral"
"S76F"	-1.738	"Neutral"
"S77C"	-0.353	"Neutral"
"S77R"	-0.986	"Neutral"
"S77G"	-1.439	"Neutral"
"S77N"	-0.358	"Neutral"
"S77T"	-0.725	"Neutral"
"S77I"	-0.85	"Neutral"
"L78M"	-0.944	"Neutral"
"L78V"	-0.975	"Neutral"
"L78Q"	-2.717	"Deleterious"
"L78P"	-3.364	"Deleterious"
"L78R"	-2.983	"Deleterious"
"Q79K"	-1.039	"Neutral"
"Q79E"	-0.969	"Neutral"
"Q79L"	-1.864	"Neutral"
"Q79P"	-2.061	"Neutral"
"Q79R"	-1.361	"Neutral"
"Q79H"	-1.469	"Neutral"
"L80I"	-0.594	"Neutral"
"L80V"	-1.092	"Neutral"
"L80Q"	-2.717	"Deleterious"
"L80P"	-2.914	"Deleterious"
"L80R"	-2.767	"Deleterious"
"I81F"	-1.556	"Neutral"
"I81L"	-0.339	"Neutral"
"I81V"	0.042	"Neutral"
"I81N"	-1.542	"Neutral"
"I81T"	0.069	"Neutral"
"I81S"	-0.894	"Neutral"
"I81M"	-0.658	"Neutral"
"T82S"	-0.522	"Neutral"
"T82P"	-1.317	"Neutral"
"T82A"	0.047	"Neutral"
"T82N"	-1.886	"Neutral"
"T82I"	-1.167	"Neutral"
"E83K"	-1.956	"Neutral"
"E83Q"	-1.475	"Neutral"
"E83V"	-2.947	"Deleterious"
"E83A"	-2.85	"Deleterious"
"E83G"	-3.281	"Deleterious"
"E83D"	-1.642	"Neutral"
"C84S"	-5.606	"Deleterious"
"C84R"	-7	"Deleterious"
"C84G"	-6.95	"Deleterious"
"C84Y"	-6.836	"Deleterious"
"C84F"	-6.819	"Deleterious"
"C84W"	-6.986	"Deleterious"
"F85I"	-3.217	"Deleterious"
"F85L"	-2.883	"Deleterious"
"F85V"	-3.914	"Deleterious"
"F85Y"	-1.925	"Neutral"
"F85S"	-5.078	"Deleterious"
"F85C"	-5.044	"Deleterious"
"R86G"	-5.247	"Deleterious"
"R86K"	-1.558	"Neutral"
"R86T"	-4.333	"Deleterious"
"R86I"	-5.661	"Deleterious"
"R86S"	-4.267	"Deleterious"
"C87S"	-3.989	"Deleterious"
"C87R"	-5.233	"Deleterious"
"C87G"	-5.15	"Deleterious"
"C87Y"	-3.919	"Deleterious"
"C87F"	-3.736	"Deleterious"
"C87W"	-4.719	"Deleterious"
"L88I"	-1.494	"Neutral"
"L88V"	-2.092	"Neutral"
"L88F"	-2.656	"Deleterious"
"L88H"	-4.014	"Deleterious"
"L88P"	-4.697	"Deleterious"
"L88R"	-3.8	"Deleterious"
"R89G"	-3.914	"Deleterious"
"R89W"	-5.511	"Deleterious"
"R89Q"	-2.689	"Deleterious"
"R89P"	-4.547	"Deleterious"
"R89L"	-4.881	"Deleterious"
"N90Y"	-6.244	"Deleterious"
"N90H"	-3.969	"Deleterious"
"N90D"	-4.053	"Deleterious"
"N90I"	-6.958	"Deleterious"
"N90T"	-4.8	"Deleterious"
"N90S"	-3.953	"Deleterious"
"N90K"	-4.9	"Deleterious"
"A91T"	-1.139	"Neutral"
"A91P"	-2.853	"Deleterious"
"A91S"	-0.658	"Neutral"
"A91D"	-3.067	"Deleterious"
"A91G"	-2.072	"Neutral"
"A91V"	-2.022	"Neutral"
"C92S"	-6.739	"Deleterious"
"C92R"	-8.183	"Deleterious"
"C92G"	-8.267	"Deleterious"
"C92Y"	-7.386	"Deleterious"
"C92F"	-7.469	"Deleterious"
"C92W"	-7.403	"Deleterious"
"I93L"	-1.211	"Neutral"
"I93V"	0.503	"Neutral"
"I93K"	-3.197	"Deleterious"
"I93T"	-1.803	"Neutral"
"I93R"	-3.614	"Deleterious"
"I93M"	-1.358	"Neutral"
"E94K"	-0.989	"Neutral"
"E94Q"	0.275	"Neutral"
"E94V"	-3.431	"Deleterious"
"E94A"	-2.483	"Neutral"
"E94G"	-2.181	"Neutral"
"E94D"	-0.936	"Neutral"
"C95S"	-2.439	"Neutral"
"C95R"	-4.333	"Deleterious"
"C95G"	-3.45	"Deleterious"
"C95Y"	-3.969	"Deleterious"
"C95F"	-4.203	"Deleterious"
"C95W"	-4.286	"Deleterious"
"S96T"	-0.288	"Neutral"
"S96P"	0.397	"Neutral"
"S96A"	0.079	"Neutral"
"S96Y"	-0.612	"Neutral"
"S96C"	-1.399	"Neutral"
"S96F"	-1.313	"Neutral"
"V97M"	-0.031	"Neutral"
"V97L"	-0.331	"Neutral"
"V97E"	0.378	"Neutral"
"V97A"	0.289	"Neutral"
"V97G"	-0.558	"Neutral"
"N98Y"	-4.444	"Deleterious"
"N98H"	-2.136	"Neutral"
"N98D"	-3.486	"Deleterious"
"N98I"	-5.742	"Deleterious"
"N98T"	-4.017	"Deleterious"
"N98S"	-3.186	"Deleterious"
"N98K"	-3.767	"Deleterious"
"Q99K"	-2.356	"Neutral"
"Q99E"	-1.975	"Neutral"
"Q99L"	-5.064	"Deleterious"
"Q99P"	-4.25	"Deleterious"
"Q99R"	-2.672	"Deleterious"
"Q99H"	-3.553	"Deleterious"
"N100Y"	-2.844	"Deleterious"
"N100H"	-1.636	"Neutral"
"N100D"	-0.119	"Neutral"
"N100I"	-3.642	"Deleterious"
"N100T"	-1.933	"Neutral"
"N100S"	-1.053	"Neutral"
"N100K"	-1.8	"Neutral"
"S101T"	-0.064	"Neutral"
"S101P"	-1.59	"Neutral"
"S101A"	-0.254	"Neutral"
"S101Y"	-0.342	"Neutral"
"S101C"	-1.243	"Neutral"
"S101F"	-0.631	"Neutral"
"I102F"	-1.7	"Neutral"
"I102L"	-0.583	"Neutral"
"I102V"	-0.425	"Neutral"
"I102N"	-3.369	"Deleterious"
"I102T"	-2.531	"Deleterious"
"I102S"	-2.756	"Deleterious"
"I102M"	-0.786	"Neutral"
"R103W"	-3.128	"Deleterious"
"R103G"	-3.347	"Deleterious"
"R103K"	-0.892	"Neutral"
"R103T"	-2.417	"Neutral"
"R103M"	-1.65	"Neutral"
"R103S"	-2.25	"Neutral"
"N104Y"	-3.244	"Deleterious"
"N104H"	-1.858	"Neutral"
"N104D"	-1.108	"Neutral"
"N104I"	-3.325	"Deleterious"
"N104T"	-2.067	"Neutral"
"N104S"	-1.442	"Neutral"
"N104K"	-1.933	"Neutral"
"L105M"	-0.717	"Neutral"
"L105V"	-0.958	"Neutral"
"L105Q"	-2.65	"Deleterious"
"L105P"	-3.525	"Deleterious"
"L105R"	-2.517	"Deleterious"
"D106N"	-0.493	"Neutral"
"D106H"	-1.643	"Neutral"
"D106Y"	-1.89	"Neutral"
"D106V"	-2.557	"Deleterious"
"D106A"	-1.51	"Neutral"
"D106G"	0.311	"Neutral"
"D106E"	-0.559	"Neutral"
"T107S"	-0.454	"Neutral"
"T107P"	-1.637	"Neutral"
"T107A"	-0.219	"Neutral"
"T107K"	-1.037	"Neutral"
"T107R"	-1.037	"Neutral"
"T107M"	-0.004	"Neutral"
"I108F"	-2.267	"Neutral"
"I108L"	-1.117	"Neutral"
"I108V"	-0.375	"Neutral"
"I108N"	-3.225	"Deleterious"
"I108T"	-2.375	"Neutral"
"I108S"	-2.75	"Deleterious"
"I108M"	-1.492	"Neutral"
"G109R"	-1.642	"Neutral"
"G109E"	-0.394	"Neutral"
"G109A"	-1.019	"Neutral"
"G109V"	-1.889	"Neutral"
"V110I"	-0.442	"Neutral"
"V110L"	-0.642	"Neutral"
"V110F"	-0.908	"Neutral"
"V110D"	-1.175	"Neutral"
"V110A"	-0.417	"Neutral"
"V110G"	-1.475	"Neutral"
"A111T"	0.3	"Neutral"
"A111P"	-0.858	"Neutral"
"A111S"	0.508	"Neutral"
"A111D"	-1.217	"Neutral"
"A111G"	-1.283	"Neutral"
"A111V"	-0.633	"Neutral"
"V112I"	-0.203	"Neutral"
"V112L"	-0.936	"Neutral"
"V112F"	-1.786	"Neutral"
"V112D"	-2.897	"Deleterious"
"V112A"	-1.733	"Neutral"
"V112G"	-3.242	"Deleterious"
"D113N"	-0.058	"Neutral"
"D113H"	-0.042	"Neutral"
"D113Y"	-0.925	"Neutral"
"D113V"	-1.925	"Neutral"
"D113A"	-1.75	"Neutral"
"D113G"	-2.075	"Neutral"
"D113E"	0.283	"Neutral"
"L114M"	-0.933	"Neutral"
"L114V"	-1.042	"Neutral"
"L114S"	-2.133	"Neutral"
"L114W"	-2.8	"Deleterious"
"L114F"	-1.617	"Neutral"
"V115I"	0.571	"Neutral"
"V115L"	0.321	"Neutral"
"V115F"	-0.879	"Neutral"
"V115D"	-2.527	"Deleterious"
"V115A"	-1.45	"Neutral"
"V115G"	-3.325	"Deleterious"
"L116I"	-0.52	"Neutral"
"L116V"	-0.689	"Neutral"
"L116F"	-1.143	"Neutral"
"L116H"	-0.867	"Neutral"
"L116P"	-0.904	"Neutral"
"L116R"	0.076	"Neutral"
"L117I"	-0.583	"Neutral"
"L117V"	-0.758	"Neutral"
"L117F"	-1.433	"Neutral"
"L117H"	-1.792	"Neutral"
"L117P"	-2.375	"Neutral"
"L117R"	-1.217	"Neutral"
"F118I"	-0.917	"Neutral"
"F118L"	-0.5	"Neutral"
"F118V"	-1.408	"Neutral"
"F118Y"	-0.608	"Neutral"
"F118S"	-1.567	"Neutral"
"F118C"	-2.433	"Neutral"
"R119S"	0.183	"Neutral"
"R119G"	-1.642	"Neutral"
"R119C"	-2.056	"Neutral"
"R119H"	-0.764	"Neutral"
"R119P"	-1.725	"Neutral"
"R119L"	-1.103	"Neutral"
"E120K"	0.056	"Neutral"
"E120Q"	-0.597	"Neutral"
"E120V"	-1.564	"Neutral"
"E120A"	-1.383	"Neutral"
"E120G"	-2.219	"Neutral"
"E120D"	-1.075	"Neutral"
"L121I"	-0.65	"Neutral"
"L121V"	-0.703	"Neutral"
"L121F"	-1.733	"Neutral"
"L121H"	-1.969	"Neutral"
"L121P"	-1.569	"Neutral"
"L121R"	-1.306	"Neutral"
"R122G"	-1.625	"Neutral"
"R122W"	-2.422	"Neutral"
"R122Q"	0.233	"Neutral"
"R122P"	-1.319	"Neutral"
"R122L"	-0.869	"Neutral"
"V123M"	-0.419	"Neutral"
"V123L"	-0.464	"Neutral"
"V123E"	-0.883	"Neutral"
"V123A"	-0.75	"Neutral"
"V123G"	-1.775	"Neutral"
"E124K"	-0.867	"Neutral"
"E124Q"	-0.675	"Neutral"
"E124V"	-1.675	"Neutral"
"E124A"	-1.767	"Neutral"
"E124G"	-2.142	"Neutral"
"E124D"	-0.708	"Neutral"
"Q125K"	-1.089	"Neutral"
"Q125E"	-0.175	"Neutral"
"Q125L"	-2.392	"Neutral"
"Q125P"	-2.083	"Neutral"
"Q125R"	-1.578	"Neutral"
"Q125H"	-1.786	"Neutral"
"D126N"	-0.859	"Neutral"
"D126H"	-1.387	"Neutral"
"D126Y"	-2.471	"Neutral"
"D126V"	-2.287	"Neutral"
"D126A"	-1.862	"Neutral"
"D126G"	-2.342	"Neutral"
"D126E"	1.026	"Neutral"
"S127T"	-0.746	"Neutral"
"S127P"	-1.731	"Neutral"
"S127A"	-1.259	"Neutral"
"S127Y"	-1.372	"Neutral"
"S127C"	-2.538	"Deleterious"
"S127F"	-2.25	"Neutral"
"L128M"	-0.383	"Neutral"
"L128V"	-0.408	"Neutral"
"L128S"	-1.7	"Neutral"
"L128W"	-2.517	"Deleterious"
"L128F"	-1.2	"Neutral"
"L129M"	-0.783	"Neutral"
"L129V"	-0.992	"Neutral"
"L129S"	-2.417	"Neutral"
"L129W"	-2.867	"Deleterious"
"L129F"	-1.383	"Neutral"
"T130S"	-1.322	"Neutral"
"T130P"	-2.35	"Neutral"
"T130A"	-1.753	"Neutral"
"T130K"	-1.833	"Neutral"
"T130R"	-2.033	"Neutral"
"T130I"	-1.539	"Neutral"
"A131T"	-1.772	"Neutral"
"A131P"	-2.253	"Neutral"
"A131S"	-1.292	"Neutral"
"A131D"	-2.933	"Deleterious"
"A131G"	-2.389	"Neutral"
"A131V"	-1.439	"Neutral"
"F132I"	-1.211	"Neutral"
"F132L"	-0.622	"Neutral"
"F132V"	-1.775	"Neutral"
"F132Y"	-1.169	"Neutral"
"F132S"	-3.044	"Deleterious"
"F132C"	-2.817	"Deleterious"
"R133G"	-4.514	"Deleterious"
"R133Q"	-2.389	"Neutral"
"R133P"	-3.914	"Deleterious"
"R133L"	-3.481	"Deleterious"
"C134S"	-5.539	"Deleterious"
"C134R"	-7.033	"Deleterious"
"C134G"	-7.233	"Deleterious"
"C134Y"	-5.869	"Deleterious"
"C134F"	-5.569	"Deleterious"
"C134W"	-5.969	"Deleterious"
"G135S"	-2.261	"Neutral"
"G135R"	-4.122	"Deleterious"
"G135C"	-3.331	"Deleterious"
"G135D"	-3.358	"Deleterious"
"G135A"	-2.594	"Deleterious"
"G135V"	-4.786	"Deleterious"
"L136M"	-0.861	"Neutral"
"L136V"	-1.225	"Neutral"
"L136Q"	-3.8	"Deleterious"
"L136P"	-4.531	"Deleterious"
"L136R"	-3.967	"Deleterious"
"Q137K"	-2.922	"Deleterious"
"Q137E"	-2.092	"Neutral"
"Q137L"	-5.147	"Deleterious"
"Q137P"	-4.25	"Deleterious"
"Q137R"	-2.972	"Deleterious"
"Q137H"	-3.353	"Deleterious"
"F138I"	-3.283	"Deleterious"
"F138L"	-3.317	"Deleterious"
"F138V"	-3.881	"Deleterious"
"F138Y"	-1.792	"Neutral"
"F138S"	-4.811	"Deleterious"
"F138C"	-4.594	"Deleterious"
"L139I"	-1.194	"Neutral"
"L139V"	-1.992	"Neutral"
"L139S"	-4.117	"Deleterious"
"L139F"	-2.372	"Neutral"
"G140S"	-3.217	"Deleterious"
"G140R"	-4.811	"Deleterious"
"G140C"	-3.875	"Deleterious"
"G140D"	-4.214	"Deleterious"
"G140A"	-2.95	"Deleterious"
"G140V"	-5.042	"Deleterious"
"N141Y"	-6.028	"Deleterious"
"N141H"	-3.853	"Deleterious"
"N141D"	-3.753	"Deleterious"
"N141I"	-6.258	"Deleterious"
"N141T"	-4.467	"Deleterious"
"N141S"	-3.686	"Deleterious"
"N141K"	-4.617	"Deleterious"
"V142I"	0.41	"Neutral"
"V142L"	0.449	"Neutral"
"V142F"	-1.163	"Neutral"
"V142D"	-3.76	"Deleterious"
"V142A"	-1.706	"Neutral"
"V142G"	-3.764	"Deleterious"
"A143T"	-1.272	"Neutral"
"A143P"	-2.619	"Deleterious"
"A143S"	-1.275	"Neutral"
"A143D"	-2.7	"Deleterious"
"A143G"	-2.472	"Neutral"
"A143V"	-0.989	"Neutral"
"S144T"	0.019	"Neutral"
"S144P"	-1.669	"Neutral"
"S144A"	0.192	"Neutral"
"S144L"	-0.994	"Neutral"
"R145G"	1.303	"Neutral"
"R145Q"	-0.15	"Neutral"
"R145P"	-1.208	"Neutral"
"R145L"	-2.036	"Neutral"
"N146Y"	-4.594	"Deleterious"
"N146H"	-2.669	"Deleterious"
"N146D"	-2.736	"Deleterious"
"N146I"	-5.758	"Deleterious"
"N146T"	-3.55	"Deleterious"
"N146S"	-2.769	"Deleterious"
"N146K"	-3.617	"Deleterious"
"E147K"	-0.883	"Neutral"
"E147Q"	-0.508	"Neutral"
"E147V"	-2.931	"Deleterious"
"E147A"	-2.089	"Neutral"
"E147G"	-2.597	"Deleterious"
"E147D"	-1.119	"Neutral"
"E148K"	-0.623	"Neutral"
"E148Q"	-0.562	"Neutral"
"E148V"	-1.082	"Neutral"
"E148A"	0.207	"Neutral"
"E148G"	-1.156	"Neutral"
"E148D"	-0.07	"Neutral"
"S149T"	-1.325	"Neutral"
"S149P"	-2.797	"Deleterious"
"S149A"	-1.308	"Neutral"
"S149Y"	-2.333	"Neutral"
"S149C"	-1.669	"Neutral"
"S149F"	-2.683	"Deleterious"
"Q150K"	-1.722	"Neutral"
"Q150E"	-1.592	"Neutral"
"Q150L"	-4.031	"Deleterious"
"Q150P"	-3.533	"Deleterious"
"Q150R"	-2.039	"Neutral"
"Q150H"	-2.786	"Deleterious"
"S151T"	-0.967	"Neutral"
"S151P"	-1.556	"Neutral"
"S151A"	-1.267	"Neutral"
"S151Y"	-1.661	"Neutral"
"S151C"	-2.594	"Deleterious"
"S151F"	-2.336	"Neutral"
"I152F"	-0.803	"Neutral"
"I152L"	-0.406	"Neutral"
"I152V"	0.197	"Neutral"
"I152N"	-0.081	"Neutral"
"I152T"	0.075	"Neutral"
"I152S"	0.366	"Neutral"
"I152M"	-0.084	"Neutral"
"V153I"	0.219	"Neutral"
"V153L"	-0.975	"Neutral"
"V153F"	-2.669	"Deleterious"
"V153D"	-4.169	"Deleterious"
"V153A"	-2.844	"Deleterious"
"V153G"	-5.131	"Deleterious"
"W154R"	-9.8	"Deleterious"
"W154G"	-9.369	"Deleterious"
"W154S"	-9.65	"Deleterious"
"W154L"	-8.769	"Deleterious"
"W154C"	-9.303	"Deleterious"
"V155I"	-0.556	"Neutral"
"V155L"	-0.393	"Neutral"
"V155F"	-0.981	"Neutral"
"V155D"	0.972	"Neutral"
"V155A"	0.688	"Neutral"
"V155G"	-0.417	"Neutral"
"H156N"	-0.758	"Neutral"
"H156D"	-0.925	"Neutral"
"H156Y"	-0.394	"Neutral"
"H156L"	-0.081	"Neutral"
"H156P"	-1.4	"Neutral"
"H156R"	-0.917	"Neutral"
"H156Q"	-0.45	"Neutral"
"A157T"	-1.256	"Neutral"
"A157P"	-2.636	"Deleterious"
"A157S"	-0.875	"Neutral"
"A157D"	-2.367	"Neutral"
"A157G"	-1.956	"Neutral"
"A157V"	-1.089	"Neutral"
"F158I"	-3.6	"Deleterious"
"F158L"	-3.467	"Deleterious"
"F158V"	-4.164	"Deleterious"
"F158Y"	-1.375	"Neutral"
"F158S"	-4.644	"Deleterious"
"F158C"	-4.744	"Deleterious"
"P159T"	-4.111	"Deleterious"
"P159A"	-4.361	"Deleterious"
"P159S"	-3.894	"Deleterious"
"P159Q"	-3.928	"Deleterious"
"P159R"	-4.625	"Deleterious"
"P159L"	-5.306	"Deleterious"
"E160K"	-1.433	"Neutral"
"E160Q"	-1.169	"Neutral"
"E160V"	-3.136	"Deleterious"
"E160A"	-2.339	"Neutral"
"E160G"	-2.558	"Deleterious"
"E160D"	0.864	"Neutral"
"L161I"	-0.544	"Neutral"
"L161V"	-1.008	"Neutral"
"L161F"	-1.672	"Neutral"
"L161H"	-3.147	"Deleterious"
"L161P"	-3.814	"Deleterious"
"L161R"	-3.45	"Deleterious"
"F162I"	-2.7	"Deleterious"
"F162L"	-2.633	"Deleterious"
"F162V"	-3.464	"Deleterious"
"F162Y"	-1.475	"Neutral"
"F162S"	-4.861	"Deleterious"
"F162C"	-4.594	"Deleterious"
"M163L"	0.584	"Neutral"
"M163V"	-0.607	"Neutral"
"M163K"	-2.312	"Neutral"
"M163T"	-1.74	"Neutral"
"M163R"	-2.479	"Neutral"
"M163I"	-0.221	"Neutral"
"S164T"	-0.742	"Neutral"
"S164P"	-1.897	"Neutral"
"S164A"	-0.792	"Neutral"
"S164Y"	-2.211	"Neutral"
"S164C"	-2.481	"Neutral"
"S164F"	-2.678	"Deleterious"
"C165S"	-3.05	"Deleterious"
"C165R"	-4.061	"Deleterious"
"C165G"	-4.361	"Deleterious"
"C165Y"	-3.447	"Deleterious"
"C165F"	-3.047	"Deleterious"
"C165W"	-4.114	"Deleterious"
"L166M"	-1.017	"Neutral"
"L166V"	-1.658	"Neutral"
"L166S"	-3.383	"Deleterious"
"L166W"	-3.983	"Deleterious"
"L166F"	-2.483	"Neutral"
"N167Y"	-2.833	"Deleterious"
"N167H"	-1.758	"Neutral"
"N167D"	-1.425	"Neutral"
"N167I"	-3.075	"Deleterious"
"N167T"	-1.4	"Neutral"
"N167S"	-0.642	"Neutral"
"N167K"	-1.517	"Neutral"
"H168N"	-1.458	"Neutral"
"H168D"	-2.608	"Deleterious"
"H168Y"	-0.833	"Neutral"
"H168L"	-1.358	"Neutral"
"H168P"	-2.6	"Deleterious"
"H168R"	-2.183	"Neutral"
"H168Q"	-1.9	"Neutral"
"P169T"	-1.433	"Neutral"
"P169A"	-1.6	"Neutral"
"P169S"	-0.8	"Neutral"
"P169Q"	-1.033	"Neutral"
"P169R"	-2.175	"Neutral"
"P169L"	-3.017	"Deleterious"
"D170N"	-2.575	"Deleterious"
"D170H"	-3.558	"Deleterious"
"D170Y"	-5.375	"Deleterious"
"D170V"	-5.775	"Deleterious"
"D170A"	-4.8	"Deleterious"
"D170G"	-4.292	"Deleterious"
"D170E"	-2.183	"Neutral"
"K171Q"	-0.226	"Neutral"
"K171E"	0.788	"Neutral"
"K171I"	-2.442	"Neutral"
"K171T"	-1.026	"Neutral"
"K171R"	-0.993	"Neutral"
"K171N"	-1.001	"Neutral"
"K172Q"	-1.9	"Neutral"
"K172E"	-1.9	"Neutral"
"K172M"	-3.333	"Deleterious"
"K172T"	-2.8	"Deleterious"
"K172R"	-1.642	"Neutral"
"K172N"	-2.608	"Deleterious"
"I173F"	-2.3	"Neutral"
"I173L"	-0.733	"Neutral"
"I173V"	-0.042	"Neutral"
"I173N"	-2.775	"Deleterious"
"I173T"	-1.608	"Neutral"
"I173S"	-2.1	"Neutral"
"I173M"	-1.025	"Neutral"
"V174I"	-0.625	"Neutral"
"V174L"	-1.358	"Neutral"
"V174F"	-2.792	"Deleterious"
"V174D"	-3.142	"Deleterious"
"V174A"	-1.25	"Neutral"
"V174G"	-3.308	"Deleterious"
"A175T"	-1.067	"Neutral"
"A175P"	-1.847	"Neutral"
"A175S"	-0.364	"Neutral"
"A175D"	-1.361	"Neutral"
"A175G"	-1.161	"Neutral"
"A175V"	-1.689	"Neutral"
"Y176N"	-4.825	"Deleterious"
"Y176H"	-2.658	"Deleterious"
"Y176D"	-5.683	"Deleterious"
"Y176F"	-2.233	"Neutral"
"Y176S"	-4.425	"Deleterious"
"Y176C"	-4.458	"Deleterious"
"C177S"	0.652	"Neutral"
"C177R"	-1.655	"Neutral"
"C177G"	-1.825	"Neutral"
"C177Y"	-2.274	"Neutral"
"C177F"	-2.29	"Neutral"
"C177W"	-3.137	"Deleterious"
"S178T"	-1.208	"Neutral"
"S178P"	-2.825	"Deleterious"
"S178A"	-0.408	"Neutral"
"S178Y"	-2.833	"Deleterious"
"S178C"	1.808	"Neutral"
"S178F"	-2.9	"Deleterious"
"M179L"	-1.858	"Neutral"
"M179V"	-2.856	"Deleterious"
"M179K"	-4.25	"Deleterious"
"M179T"	-4.317	"Deleterious"
"M179R"	-4.383	"Deleterious"
"M179I"	-2.756	"Deleterious"
"I180F"	-2.489	"Neutral"
"I180L"	-1.194	"Neutral"
"I180V"	0.169	"Neutral"
"I180N"	-4.164	"Deleterious"
"I180T"	-2.253	"Neutral"
"I180S"	-3.617	"Deleterious"
"I180M"	-1.425	"Neutral"
"L181M"	-0.961	"Neutral"
"L181V"	-1.125	"Neutral"
"L181Q"	-3.683	"Deleterious"
"L181P"	-4.514	"Deleterious"
"L181R"	-3.917	"Deleterious"
"F182I"	-2.783	"Deleterious"
"F182L"	-2.75	"Deleterious"
"F182V"	-3.081	"Deleterious"
"F182Y"	-0.025	"Neutral"
"F182S"	-2.711	"Deleterious"
"F182C"	-3.278	"Deleterious"
"T183S"	-1.989	"Neutral"
"T183P"	-3.733	"Deleterious"
"T183A"	-2.653	"Deleterious"
"T183K"	-3.217	"Deleterious"
"T183R"	-3.35	"Deleterious"
"T183I"	-3.75	"Deleterious"
"S184T"	-0.092	"Neutral"
"S184P"	-1.986	"Neutral"
"S184A"	0.108	"Neutral"
"S184Y"	-1.117	"Neutral"
"S184C"	4.047	"Neutral"
"S184F"	-1.05	"Neutral"
"L185I"	-0.928	"Neutral"
"L185V"	-1.625	"Neutral"
"L185F"	-2.122	"Neutral"
"L185H"	-3.381	"Deleterious"
"L185P"	-4.114	"Deleterious"
"L185R"	-3.583	"Deleterious"
"N186Y"	-2.481	"Neutral"
"N186H"	-2.078	"Neutral"
"N186D"	-1.008	"Neutral"
"N186I"	-3.325	"Deleterious"
"N186T"	-2.133	"Neutral"
"N186S"	-1.364	"Neutral"
"N186K"	-1.919	"Neutral"
"A187T"	-0.214	"Neutral"
"A187P"	-0.388	"Neutral"
"A187S"	0.631	"Neutral"
"A187D"	0.732	"Neutral"
"A187G"	-0.856	"Neutral"
"A187V"	-0.758	"Neutral"
"E188K"	-1.911	"Neutral"
"E188Q"	-1.117	"Neutral"
"E188V"	-3.097	"Deleterious"
"E188A"	-2.044	"Neutral"
"E188G"	-2.572	"Deleterious"
"E188D"	-1.181	"Neutral"
"R189W"	-2.861	"Deleterious"
"R189G"	-2.347	"Neutral"
"R189K"	-0.008	"Neutral"
"R189T"	-1.167	"Neutral"
"R189M"	-1.933	"Neutral"
"R189S"	-1.211	"Neutral"
"M190L"	-0.181	"Neutral"
"M190V"	-0.622	"Neutral"
"M190K"	-1.844	"Neutral"
"M190T"	-1.489	"Neutral"
"M190R"	-2.078	"Neutral"
"M190I"	-0.503	"Neutral"
"K191Q"	-0.689	"Neutral"
"K191E"	-0.367	"Neutral"
"K191I"	-2.078	"Neutral"
"K191T"	-1.017	"Neutral"
"K191R"	-1.108	"Neutral"
"K191N"	-1.236	"Neutral"
"D192N"	-1.246	"Neutral"
"D192H"	-1.57	"Neutral"
"D192Y"	-1.764	"Neutral"
"D192V"	-1.998	"Neutral"
"D192A"	-1.95	"Neutral"
"D192G"	-2.874	"Deleterious"
"D192E"	0.576	"Neutral"
"L193M"	-0.861	"Neutral"
"L193V"	-1.242	"Neutral"
"L193Q"	-1.961	"Neutral"
"L193P"	-2.136	"Neutral"
"L193R"	-2.694	"Deleterious"
"E194K"	-1.144	"Neutral"
"E194Q"	-0.264	"Neutral"
"E194V"	-1.008	"Neutral"
"E194A"	-0.861	"Neutral"
"E194G"	-2.031	"Neutral"
"E194D"	-0.908	"Neutral"
"E195K"	-0.689	"Neutral"
"E195Q"	-0.664	"Neutral"
"E195V"	-2.903	"Deleterious"
"E195A"	-1.778	"Neutral"
"E195G"	-1.542	"Neutral"
"E195D"	-0.342	"Neutral"
"N196Y"	-3.261	"Deleterious"
"N196H"	-2.419	"Neutral"
"N196D"	-1.303	"Neutral"
"N196I"	-3.358	"Deleterious"
"N196T"	-2.083	"Neutral"
"N196S"	-1.619	"Neutral"
"N196K"	-1.517	"Neutral"
"L197I"	-0.494	"Neutral"
"L197V"	-1.008	"Neutral"
"L197F"	-1.822	"Neutral"
"L197H"	-2.964	"Deleterious"
"L197P"	-3.197	"Deleterious"
"L197R"	-1.856	"Neutral"
"N198Y"	-1.9	"Neutral"
"N198H"	-0.669	"Neutral"
"N198D"	-1.253	"Neutral"
"N198I"	-2.619	"Deleterious"
"N198T"	-1.461	"Neutral"
"N198S"	-1.125	"Neutral"
"N198K"	-0.6	"Neutral"
"I199F"	-2.339	"Neutral"
"I199L"	-0.428	"Neutral"
"I199V"	-0.181	"Neutral"
"I199N"	-3.347	"Deleterious"
"I199T"	-2.036	"Neutral"
"I199S"	-2.467	"Neutral"
"I199M"	-1.092	"Neutral"
"A200T"	-1.122	"Neutral"
"A200P"	-2.003	"Neutral"
"A200S"	-1.442	"Neutral"
"A200E"	-2.469	"Neutral"
"A200G"	-2.356	"Neutral"
"A200V"	-0.756	"Neutral"
"I201F"	-2.056	"Neutral"
"I201L"	0.272	"Neutral"
"I201V"	-0.514	"Neutral"
"I201N"	-2.797	"Deleterious"
"I201T"	-1.969	"Neutral"
"I201S"	-1.983	"Neutral"
"I201M"	-0.508	"Neutral"
"N202Y"	-1.207	"Neutral"
"N202H"	-0.579	"Neutral"
"N202D"	-0.035	"Neutral"
"N202I"	-1.691	"Neutral"
"N202T"	0.271	"Neutral"
"N202S"	0.384	"Neutral"
"N202K"	-0.129	"Neutral"
"V203I"	-0.281	"Neutral"
"V203L"	-1.575	"Neutral"
"V203F"	-3.169	"Deleterious"
"V203D"	-4.064	"Deleterious"
"V203A"	-2.689	"Deleterious"
"V203G"	-4.864	"Deleterious"
"I204L"	-0.183	"Neutral"
"I204V"	-0.437	"Neutral"
"I204K"	-3.787	"Deleterious"
"I204T"	-2.903	"Deleterious"
"I204R"	-4.009	"Deleterious"
"I204M"	-0.686	"Neutral"
"E205K"	-0.994	"Neutral"
"E205Q"	-1.07	"Neutral"
"E205V"	-3.456	"Deleterious"
"E205A"	-3.055	"Deleterious"
"E205G"	-3.789	"Deleterious"
"E205D"	-0.892	"Neutral"
"A206T"	-1.156	"Neutral"
"A206P"	-1.936	"Neutral"
"A206S"	-1.208	"Neutral"
"A206D"	-2.517	"Deleterious"
"A206G"	-2.622	"Deleterious"
"A206V"	-0.789	"Neutral"
"H207N"	-1.426	"Neutral"
"H207D"	-1.841	"Neutral"
"H207Y"	0.355	"Neutral"
"H207L"	-0.652	"Neutral"
"H207P"	-1.943	"Neutral"
"H207R"	-1.527	"Neutral"
"H207Q"	-1.015	"Neutral"
"Q208K"	0.208	"Neutral"
"Q208E"	-0.686	"Neutral"
"Q208L"	-1.903	"Neutral"
"Q208P"	-2.008	"Neutral"
"Q208R"	0.283	"Neutral"
"Q208H"	-1.592	"Neutral"
"K209Q"	-0.62	"Neutral"
"K209E"	-0.739	"Neutral"
"K209M"	-2.376	"Neutral"
"K209T"	-1.303	"Neutral"
"K209R"	-0.415	"Neutral"
"K209N"	-1.19	"Neutral"
"H210N"	-1.257	"Neutral"
"H210D"	-1.1	"Neutral"
"H210Y"	-0.861	"Neutral"
"H210L"	-1.605	"Neutral"
"H210P"	-2.336	"Neutral"
"H210R"	-1.086	"Neutral"
"H210Q"	-0.011	"Neutral"
"P211T"	-2.244	"Neutral"
"P211A"	-2.178	"Neutral"
"P211S"	-1.861	"Neutral"
"P211Q"	-1.944	"Neutral"
"P211R"	-2.708	"Deleterious"
"P211L"	-2.339	"Neutral"
"A212T"	0.185	"Neutral"
"A212P"	-0.154	"Neutral"
"A212S"	0.799	"Neutral"
"A212E"	3.224	"Neutral"
"A212G"	-0.444	"Neutral"
"A212V"	-1	"Neutral"
"S213T"	-1.025	"Neutral"
"S213P"	-2.519	"Deleterious"
"S213A"	-0.425	"Neutral"
"S213L"	-1	"Neutral"
"E214K"	-2.467	"Neutral"
"E214Q"	-1.821	"Neutral"
"E214V"	-4.39	"Deleterious"
"E214A"	-3.24	"Deleterious"
"E214G"	-3.911	"Deleterious"
"E214D"	-0.22	"Neutral"
"W215R"	-8.528	"Deleterious"
"W215G"	-8.464	"Deleterious"
"W215S"	-8.578	"Deleterious"
"W215L"	-8.131	"Deleterious"
"W215C"	-8.364	"Deleterious"
"P216T"	0.222	"Neutral"
"P216A"	0.322	"Neutral"
"P216S"	0.156	"Neutral"
"P216Q"	-0.644	"Neutral"
"P216R"	-1.008	"Neutral"
"P216L"	-0.006	"Neutral"
"F217I"	-0.573	"Neutral"
"F217L"	-0.625	"Neutral"
"F217V"	-0.593	"Neutral"
"F217Y"	-0.4	"Neutral"
"F217S"	-1.709	"Neutral"
"F217C"	-2.041	"Neutral"
"L218M"	-0.892	"Neutral"
"L218V"	-1.497	"Neutral"
"L218S"	-3.194	"Deleterious"
"L218W"	-3.014	"Deleterious"
"L218F"	-0.883	"Neutral"
"I219F"	-1.661	"Neutral"
"I219L"	-0.606	"Neutral"
"I219V"	-0.528	"Neutral"
"I219N"	-4.036	"Deleterious"
"I219T"	-2.531	"Deleterious"
"I219S"	-3.35	"Deleterious"
"I219M"	-1.097	"Neutral"
"I220F"	-2.15	"Neutral"
"I220L"	-0.25	"Neutral"
"I220V"	-0.281	"Neutral"
"I220N"	-3.492	"Deleterious"
"I220T"	-2.414	"Neutral"
"I220S"	-2.911	"Deleterious"
"I220M"	-1.033	"Neutral"
"S221T"	1.161	"Neutral"
"S221P"	-1.497	"Neutral"
"S221A"	-0.557	"Neutral"
"S221L"	-0.626	"Neutral"
"D222N"	-1.186	"Neutral"
"D222H"	-2.153	"Neutral"
"D222Y"	-3.103	"Deleterious"
"D222V"	-3.131	"Deleterious"
"D222A"	-2.658	"Deleterious"
"D222G"	-2.944	"Deleterious"
"D222E"	0.053	"Neutral"
"H223N"	-2.126	"Neutral"
"H223D"	-2.902	"Deleterious"
"H223Y"	-1.171	"Neutral"
"H223L"	-2.115	"Neutral"
"H223P"	-3.868	"Deleterious"
"H223R"	-2.225	"Neutral"
"H223Q"	-2.337	"Neutral"
"F224I"	-1.417	"Neutral"
"F224L"	-0.717	"Neutral"
"F224V"	-2.014	"Neutral"
"F224Y"	-1.625	"Neutral"
"F224S"	-3.594	"Deleterious"
"F224C"	-2.744	"Deleterious"
"L225M"	-1.261	"Neutral"
"L225V"	-1.675	"Neutral"
"L225Q"	-3.083	"Deleterious"
"L225P"	-4.381	"Deleterious"
"L225R"	-3.417	"Deleterious"
"K226Q"	-1.317	"Neutral"
"K226E"	-1.567	"Neutral"
"K226I"	-3.172	"Deleterious"
"K226T"	-2.244	"Neutral"
"K226R"	-1.1	"Neutral"
"K226N"	-2.211	"Neutral"
"S227C"	-1.15	"Neutral"
"S227R"	-2.159	"Neutral"
"S227G"	-2.265	"Neutral"
"S227N"	-0.754	"Neutral"
"S227T"	-1.287	"Neutral"
"S227I"	-2.995	"Deleterious"
"P228T"	-1.585	"Neutral"
"P228A"	-1.652	"Neutral"
"P228S"	-0.928	"Neutral"
"P228Q"	-1.605	"Neutral"
"P228R"	-1.819	"Neutral"
"P228L"	-3.116	"Deleterious"
"E229K"	-1.447	"Neutral"
"E229Q"	-0.892	"Neutral"
"E229V"	-2.656	"Deleterious"
"E229A"	-2.658	"Deleterious"
"E229G"	-3.056	"Deleterious"
"E229D"	-0.539	"Neutral"
"L230M"	-0.844	"Neutral"
"L230V"	-1.342	"Neutral"
"L230Q"	-3.05	"Deleterious"
"L230P"	-3.697	"Deleterious"
"L230R"	-3.333	"Deleterious"
"V231M"	-0.631	"Neutral"
"V231L"	-0.292	"Neutral"
"V231E"	-3.544	"Deleterious"
"V231A"	-1.983	"Neutral"
"V231G"	-4.225	"Deleterious"
"E232K"	0.011	"Neutral"
"E232Q"	-0.447	"Neutral"
"E232V"	-3.059	"Deleterious"
"E232A"	-2.233	"Neutral"
"E232G"	-2.914	"Deleterious"
"E232D"	-0.926	"Neutral"
"A233T"	-0.522	"Neutral"
"A233P"	-1.694	"Neutral"
"A233S"	0.081	"Neutral"
"A233D"	-0.803	"Neutral"
"A233G"	-1.192	"Neutral"
"A233V"	-1.122	"Neutral"
"M234L"	-0.511	"Neutral"
"M234V"	-0.889	"Neutral"
"M234K"	-3.528	"Deleterious"
"M234T"	-2.722	"Deleterious"
"M234R"	-3.644	"Deleterious"
"M234I"	-0.675	"Neutral"
"Y235N"	-6.168	"Deleterious"
"Y235H"	-3.482	"Deleterious"
"Y235D"	-6.855	"Deleterious"
"Y235F"	-2.006	"Neutral"
"Y235S"	-6.194	"Deleterious"
"Y235C"	-6.025	"Deleterious"
"G236S"	0.906	"Neutral"
"G236R"	-0.488	"Neutral"
"G236C"	-0.547	"Neutral"
"G236D"	-0.02	"Neutral"
"G236A"	0.495	"Neutral"
"G236V"	-1.111	"Neutral"
"K237Q"	-0.856	"Neutral"
"K237E"	-0.522	"Neutral"
"K237I"	-3.511	"Deleterious"
"K237T"	-2.083	"Neutral"
"K237R"	-1.342	"Neutral"
"K237N"	-1.369	"Neutral"
"L238I"	-1.012	"Neutral"
"L238V"	-1.476	"Neutral"
"L238F"	-2.09	"Neutral"
"L238H"	-3.982	"Deleterious"
"L238P"	-3.682	"Deleterious"
"L238R"	-3.568	"Deleterious"
"S239C"	-1.985	"Neutral"
"S239R"	-2.18	"Neutral"
"S239G"	-2.518	"Deleterious"
"S239N"	-1.249	"Neutral"
"S239T"	-0.483	"Neutral"
"S239I"	-2.519	"Deleterious"
"N240Y"	-1.634	"Neutral"
"N240H"	-0.726	"Neutral"
"N240D"	-1.412	"Neutral"
"N240I"	-1.824	"Neutral"
"N240T"	-1.524	"Neutral"
"N240S"	-1.104	"Neutral"
"N240K"	-1.956	"Neutral"
"Q241K"	-1.375	"Neutral"
"Q241E"	-0.119	"Neutral"
"Q241L"	-3.769	"Deleterious"
"Q241P"	-1.442	"Neutral"
"Q241R"	-1.783	"Neutral"
"Q241H"	-1.725	"Neutral"
"E242K"	-1.789	"Neutral"
"E242Q"	-1.214	"Neutral"
"E242V"	-2.886	"Deleterious"
"E242A"	-2.103	"Neutral"
"E242G"	-2.483	"Neutral"
"E242D"	-0.322	"Neutral"
"R243W"	-5.351	"Deleterious"
"R243G"	-4.395	"Deleterious"
"R243K"	-1.371	"Neutral"
"R243T"	-3.959	"Deleterious"
"R243M"	-4.06	"Deleterious"
"R243S"	-3.773	"Deleterious"
"I244F"	-2.189	"Neutral"
"I244L"	-0.461	"Neutral"
"I244V"	0.034	"Neutral"
"I244N"	-3.89	"Deleterious"
"I244T"	-2.054	"Neutral"
"I244S"	-3.109	"Deleterious"
"I244M"	-0.968	"Neutral"
"T245S"	-1.142	"Neutral"
"T245P"	-2.619	"Deleterious"
"T245A"	-1.311	"Neutral"
"T245K"	-2.369	"Neutral"
"T245R"	-2.386	"Neutral"
"T245I"	-1.003	"Neutral"
"L246M"	-1.383	"Neutral"
"L246V"	-1.797	"Neutral"
"L246Q"	-4.15	"Deleterious"
"L246P"	-4.897	"Deleterious"
"L246R"	-4.283	"Deleterious"
"L247I"	-1.728	"Neutral"
"L247V"	-2.542	"Deleterious"
"L247S"	-4.817	"Deleterious"
"L247F"	-3.156	"Deleterious"
"D248N"	-2.603	"Deleterious"
"D248H"	-3.297	"Deleterious"
"D248Y"	-4.758	"Deleterious"
"D248V"	-4.958	"Deleterious"
"D248A"	-4.211	"Deleterious"
"D248G"	-4.397	"Deleterious"
"D248E"	-0.389	"Neutral"
"I249L"	0.042	"Neutral"
"I249V"	-0.628	"Neutral"
"I249K"	-3.592	"Deleterious"
"I249T"	-2.782	"Deleterious"
"I249R"	-3.593	"Deleterious"
"I249M"	-1.004	"Neutral"
"V250M"	-0.104	"Neutral"
"V250L"	-0.189	"Neutral"
"V250E"	-2.5	"Deleterious"
"V250A"	-1.821	"Neutral"
"V250G"	-3.7	"Deleterious"
"I251L"	-0.217	"Neutral"
"I251V"	-0.344	"Neutral"
"I251K"	-2.578	"Deleterious"
"I251T"	-1.778	"Neutral"
"I251R"	-2.514	"Deleterious"
"I251M"	-0.581	"Neutral"
"A252T"	-1.772	"Neutral"
"A252P"	-2.45	"Neutral"
"A252S"	-0.922	"Neutral"
"A252D"	-2.217	"Neutral"
"A252G"	-1.872	"Neutral"
"A252V"	-2.128	"Neutral"
"K253Q"	-0.538	"Neutral"
"K253E"	-0.475	"Neutral"
"K253M"	-2.421	"Neutral"
"K253T"	-2.504	"Deleterious"
"K253R"	-0.926	"Neutral"
"K253N"	-1.438	"Neutral"
"L254I"	-0.184	"Neutral"
"L254V"	-0.784	"Neutral"
"L254Q"	-2.513	"Deleterious"
"L254P"	-3.292	"Deleterious"
"L254R"	-2.946	"Deleterious"
"V255M"	-0.436	"Neutral"
"V255L"	-0.686	"Neutral"
"V255E"	-0.24	"Neutral"
"V255A"	0.373	"Neutral"
"V255G"	-0.268	"Neutral"
"G256S"	-0.384	"Neutral"
"G256R"	-1.3	"Neutral"
"G256C"	-1.904	"Neutral"
"G256D"	-0.767	"Neutral"
"G256A"	-1.161	"Neutral"
"G256V"	-1.825	"Neutral"
"E257K"	-0.781	"Neutral"
"E257Q"	-0.898	"Neutral"
"E257V"	-2.379	"Neutral"
"E257A"	-1.912	"Neutral"
"E257G"	-1.841	"Neutral"
"E257D"	-0.135	"Neutral"
"E258K"	-1.283	"Neutral"
"E258Q"	-1.017	"Neutral"
"E258V"	-2.467	"Neutral"
"E258A"	-2.333	"Neutral"
"E258G"	-2.433	"Neutral"
"E258D"	-0.917	"Neutral"
"Q259K"	-0.502	"Neutral"
"Q259E"	-0.018	"Neutral"
"Q259L"	-0.752	"Neutral"
"Q259P"	0.761	"Neutral"
"Q259R"	-0.851	"Neutral"
"Q259H"	-0.785	"Neutral"
"L260M"	-0.444	"Neutral"
"L260V"	-0.711	"Neutral"
"L260Q"	-1.558	"Neutral"
"L260P"	-2.325	"Neutral"
"L260R"	-1.808	"Neutral"
"T261S"	-0.189	"Neutral"
"T261P"	-1.489	"Neutral"
"T261A"	-0.961	"Neutral"
"T261K"	-1.844	"Neutral"
"T261R"	-2.172	"Neutral"
"T261I"	-2.333	"Neutral"
"K262Q"	-1.812	"Neutral"
"K262E"	-1.512	"Neutral"
"K262M"	-2.977	"Deleterious"
"K262T"	-2.501	"Deleterious"
"K262R"	-1.555	"Neutral"
"K262N"	-1.866	"Neutral"
"D263N"	-1.067	"Neutral"
"D263H"	-2.233	"Neutral"
"D263Y"	-3.517	"Deleterious"
"D263V"	-3.267	"Deleterious"
"D263A"	-2.3	"Neutral"
"D263G"	-2.6	"Deleterious"
"D263E"	0.2	"Neutral"
"D264N"	-1.792	"Neutral"
"D264H"	-2.821	"Deleterious"
"D264Y"	-3.387	"Deleterious"
"D264V"	-3.321	"Deleterious"
"D264A"	-2.787	"Deleterious"
"D264G"	-2.559	"Deleterious"
"D264E"	-0.699	"Neutral"
"I265F"	-1.137	"Neutral"
"I265L"	-0.384	"Neutral"
"I265V"	-0.134	"Neutral"
"I265N"	-2.007	"Neutral"
"I265T"	-1.218	"Neutral"
"I265S"	-1.352	"Neutral"
"I265M"	-0.445	"Neutral"
"S266T"	0.257	"Neutral"
"S266P"	0.381	"Neutral"
"S266A"	-0.004	"Neutral"
"S266Y"	-0.696	"Neutral"
"S266C"	-1.271	"Neutral"
"S266F"	-0.865	"Neutral"
"I267F"	-0.904	"Neutral"
"I267L"	-0.575	"Neutral"
"I267V"	0.121	"Neutral"
"I267N"	-1.661	"Neutral"
"I267T"	-1.113	"Neutral"
"I267S"	-1.086	"Neutral"
"I267M"	-0.506	"Neutral"
"F268I"	-1.7	"Neutral"
"F268L"	-1.467	"Neutral"
"F268V"	-1.783	"Neutral"
"F268Y"	-1.117	"Neutral"
"F268S"	-1.767	"Neutral"
"F268C"	-2.517	"Deleterious"
"V269M"	0.097	"Neutral"
"V269L"	0.378	"Neutral"
"V269E"	-0.646	"Neutral"
"V269A"	-0.468	"Neutral"
"V269G"	-2.063	"Neutral"
"R270S"	0.571	"Neutral"
"R270G"	-0.611	"Neutral"
"R270C"	-1.344	"Neutral"
"R270H"	-0.685	"Neutral"
"R270P"	-0.994	"Neutral"
"R270L"	-0.749	"Neutral"
"H271N"	-1.783	"Neutral"
"H271D"	-1.667	"Neutral"
"H271Y"	-1.95	"Neutral"
"H271L"	-2.65	"Deleterious"
"H271P"	-2.9	"Deleterious"
"H271R"	-2.2	"Neutral"
"H271Q"	-1.8	"Neutral"
"A272T"	-0.95	"Neutral"
"A272P"	-2.067	"Neutral"
"A272S"	-0.983	"Neutral"
"A272D"	-2.533	"Deleterious"
"A272G"	-1.75	"Neutral"
"A272V"	-0.717	"Neutral"
"E273K"	-1.283	"Neutral"
"E273Q"	-0.733	"Neutral"
"E273V"	-2.433	"Neutral"
"E273A"	-1.933	"Neutral"
"E273G"	-2.15	"Neutral"
"E273D"	-0.633	"Neutral"
"L274M"	-0.333	"Neutral"
"L274V"	-0.867	"Neutral"
"L274S"	-1.767	"Neutral"
"L274W"	-0.433	"Neutral"
"L274F"	2.233	"Neutral"
"I275F"	-1.408	"Neutral"
"I275L"	0.408	"Neutral"
"I275V"	-0.42	"Neutral"
"I275N"	-3	"Deleterious"
"I275T"	-2.014	"Neutral"
"I275S"	-2.267	"Neutral"
"I275M"	-0.542	"Neutral"
"A276T"	-1.733	"Neutral"
"A276P"	-3.067	"Deleterious"
"A276S"	-0.833	"Neutral"
"A276E"	-2.35	"Neutral"
"A276G"	-2.517	"Deleterious"
"A276V"	-1.967	"Neutral"
"N277Y"	-2.584	"Deleterious"
"N277H"	-1.21	"Neutral"
"N277D"	-0.175	"Neutral"
"N277I"	-2.841	"Deleterious"
"N277T"	-0.795	"Neutral"
"N277S"	0.394	"Neutral"
"N277K"	-0.977	"Neutral"
"S278T"	0.264	"Neutral"
"S278P"	-1.643	"Neutral"
"S278A"	-0.495	"Neutral"
"S278L"	-0.946	"Neutral"
"F279I"	-3.983	"Deleterious"
"F279L"	-4.217	"Deleterious"
"F279V"	-4.617	"Deleterious"
"F279Y"	-2.317	"Neutral"
"F279S"	-5.183	"Deleterious"
"F279C"	-4.783	"Deleterious"
"M280L"	-0.561	"Neutral"
"M280V"	-0.081	"Neutral"
"M280K"	0.406	"Neutral"
"M280T"	-0.063	"Neutral"
"M280R"	-0.152	"Neutral"
"M280I"	-0.655	"Neutral"
"D281N"	-0.533	"Neutral"
"D281H"	-1.3	"Neutral"
"D281Y"	-2.2	"Neutral"
"D281V"	-2.733	"Deleterious"
"D281A"	-1.733	"Neutral"
"D281G"	-2.067	"Neutral"
"D281E"	0.333	"Neutral"
"Q282K"	0.651	"Neutral"
"Q282E"	-0.331	"Neutral"
"Q282L"	-2.056	"Neutral"
"Q282P"	-1.807	"Neutral"
"Q282R"	-0.329	"Neutral"
"Q282H"	-0.612	"Neutral"
"C283S"	-2.867	"Deleterious"
"C283R"	-4.967	"Deleterious"
"C283G"	-4.533	"Deleterious"
"C283Y"	-4.6	"Deleterious"
"C283F"	-4.333	"Deleterious"
"C283W"	-5.033	"Deleterious"
"R284W"	-2.365	"Neutral"
"R284G"	-0.718	"Neutral"
"R284K"	0.498	"Neutral"
"R284T"	-1.026	"Neutral"
"R284M"	-1.069	"Neutral"
"R284S"	-0.366	"Neutral"
"N285Y"	-0.604	"Neutral"
"N285H"	-0.911	"Neutral"
"N285D"	-0.6	"Neutral"
"N285I"	0.493	"Neutral"
"N285T"	1.28	"Neutral"
"N285S"	0.688	"Neutral"
"N285K"	-0.326	"Neutral"
"V286M"	-1.895	"Neutral"
"V286L"	-1.576	"Neutral"
"V286E"	-4.131	"Deleterious"
"V286A"	-2.731	"Deleterious"
"V286G"	-4.547	"Deleterious"
"L287M"	-1.246	"Neutral"
"L287V"	-1.679	"Neutral"
"L287Q"	-3.456	"Deleterious"
"L287P"	-4.256	"Deleterious"
"L287R"	-3.524	"Deleterious"
"K288Q"	-1.37	"Neutral"
"K288E"	-1.325	"Neutral"
"K288M"	-2.003	"Neutral"
"K288T"	-1.82	"Neutral"
"K288R"	-1.107	"Neutral"
"K288N"	-1.948	"Neutral"
"L289M"	-0.611	"Neutral"
"L289V"	-0.844	"Neutral"
"L289S"	-1.972	"Neutral"
"L289W"	-3.022	"Deleterious"
"L289F"	-1.622	"Neutral"
"T290S"	-0.42	"Neutral"
"T290P"	-1.704	"Neutral"
"T290A"	0.097	"Neutral"
"T290N"	-1.129	"Neutral"
"T290I"	-1.137	"Neutral"
"S291T"	-0.806	"Neutral"
"S291P"	-2.325	"Neutral"
"S291A"	-0.417	"Neutral"
"S291L"	-2.144	"Neutral"
"E292K"	-1.367	"Neutral"
"E292Q"	-1.05	"Neutral"
"E292V"	-2.15	"Neutral"
"E292A"	-1.917	"Neutral"
"E292G"	-1.974	"Neutral"
"E292D"	-0.4	"Neutral"
"P293T"	1.107	"Neutral"
"P293A"	0.457	"Neutral"
"P293S"	1.191	"Neutral"
"P293H"	0.309	"Neutral"
"P293R"	0.27	"Neutral"
"P293L"	-0.47	"Neutral"
"H294N"	-0.281	"Neutral"
"H294D"	-0.528	"Neutral"
"H294Y"	-0.569	"Neutral"
"H294L"	-1.972	"Neutral"
"H294P"	-0.622	"Neutral"
"H294R"	-1.142	"Neutral"
"H294Q"	-0.71	"Neutral"
"T295S"	0.426	"Neutral"
"T295P"	-1.03	"Neutral"
"T295A"	-0.425	"Neutral"
"T295N"	-0.39	"Neutral"
"T295I"	-0.768	"Neutral"
"E296K"	-1.724	"Neutral"
"E296Q"	-0.928	"Neutral"
"E296V"	-2.538	"Deleterious"
"E296A"	-2.295	"Neutral"
"E296G"	-1.919	"Neutral"
"E296D"	0.731	"Neutral"
"D297N"	-1.646	"Neutral"
"D297H"	-2.783	"Deleterious"
"D297Y"	-3.813	"Deleterious"
"D297V"	-3.596	"Deleterious"
"D297A"	-3.327	"Deleterious"
"D297G"	-3.199	"Deleterious"
"D297E"	-1.359	"Neutral"
"K298Q"	0.771	"Neutral"
"K298E"	1.614	"Neutral"
"K298M"	-0.27	"Neutral"
"K298T"	-0.602	"Neutral"
"K298R"	-0.439	"Neutral"
"K298N"	-0.79	"Neutral"
"E299K"	-2.423	"Neutral"
"E299Q"	-1.776	"Neutral"
"E299V"	-4.133	"Deleterious"
"E299A"	-3.617	"Deleterious"
"E299G"	-4.132	"Deleterious"
"E299D"	-1.709	"Neutral"
"A300T"	-1.582	"Neutral"
"A300P"	-1.257	"Neutral"
"A300S"	-1.234	"Neutral"
"A300D"	-3.087	"Deleterious"
"A300G"	-2.282	"Neutral"
"A300V"	-1.596	"Neutral"
"L301M"	-0.812	"Neutral"
"L301V"	-1.242	"Neutral"
"L301Q"	-2.987	"Deleterious"
"L301P"	-3.801	"Deleterious"
"L301R"	-3.454	"Deleterious"
"V302I"	-0.481	"Neutral"
"V302L"	-0.935	"Neutral"
"V302F"	-2.074	"Neutral"
"V302D"	-2.074	"Neutral"
"V302A"	-0.443	"Neutral"
"V302G"	-2.336	"Neutral"
"T303S"	-1.726	"Neutral"
"T303P"	-2.672	"Deleterious"
"T303A"	-1.391	"Neutral"
"T303K"	-2.891	"Deleterious"
"T303R"	-3.032	"Deleterious"
"T303M"	-1.122	"Neutral"
"I304F"	-2.056	"Neutral"
"I304L"	-0.773	"Neutral"
"I304V"	-0.261	"Neutral"
"I304N"	-3.602	"Deleterious"
"I304T"	-1.706	"Neutral"
"I304S"	-2.623	"Deleterious"
"I304M"	-0.823	"Neutral"
"R305G"	-3.106	"Deleterious"
"R305W"	-3.646	"Deleterious"
"R305Q"	-1.223	"Neutral"
"R305P"	-3.15	"Deleterious"
"R305L"	-2.81	"Deleterious"
"L306I"	-1.6	"Neutral"
"L306V"	-2.4	"Neutral"
"L306F"	-3.232	"Deleterious"
"L306H"	-5.528	"Deleterious"
"L306P"	-5.462	"Deleterious"
"L306R"	-4.844	"Deleterious"
"L307M"	-1.767	"Neutral"
"L307V"	-2.333	"Neutral"
"L307Q"	-5	"Deleterious"
"L307P"	-5.965	"Deleterious"
"L307R"	-4.967	"Deleterious"
"D308N"	-2.067	"Neutral"
"D308H"	-2.467	"Neutral"
"D308Y"	-4.633	"Deleterious"
"D308V"	-5.133	"Deleterious"
"D308A"	-4.367	"Deleterious"
"D308G"	-3.8	"Deleterious"
"D308E"	-1.667	"Neutral"
"V309I"	-0.122	"Neutral"
"V309L"	-1.456	"Neutral"
"V309F"	-3.156	"Deleterious"
"V309D"	-5.011	"Deleterious"
"V309A"	-3.1	"Deleterious"
"V309G"	-5.533	"Deleterious"
"L310M"	-1.567	"Neutral"
"L310V"	-2.2	"Neutral"
"L310S"	-4.767	"Deleterious"
"L310W"	-5.233	"Deleterious"
"L310F"	-3.367	"Deleterious"
"C311S"	-6.033	"Deleterious"
"C311R"	-7.567	"Deleterious"
"C311G"	-6	"Deleterious"
"C311Y"	-7.133	"Deleterious"
"C311F"	-7.233	"Deleterious"
"C311W"	-7.2	"Deleterious"
"E312K"	-1.7	"Neutral"
"E312Q"	-1.4	"Neutral"
"E312V"	-2.633	"Deleterious"
"E312A"	-2.3	"Neutral"
"E312G"	-3.333	"Deleterious"
"E312D"	-1.7	"Neutral"
"M313L"	-0.981	"Neutral"
"M313V"	-1.379	"Neutral"
"M313K"	-2.768	"Deleterious"
"M313T"	-2.409	"Neutral"
"M313R"	-2.822	"Deleterious"
"M313I"	-1.464	"Neutral"
"T314S"	-1.727	"Neutral"
"T314P"	-4.127	"Deleterious"
"T314A"	-3.155	"Deleterious"
"T314K"	-3.894	"Deleterious"
"T314R"	-4.027	"Deleterious"
"T314M"	-4.094	"Deleterious"
"S315T"	-1.547	"Neutral"
"S315P"	-2.956	"Deleterious"
"S315A"	-0.848	"Neutral"
"S315Y"	-3.368	"Deleterious"
"S315C"	-2.203	"Neutral"
"S315F"	-3.501	"Deleterious"
"N316Y"	-3.433	"Deleterious"
"N316H"	-1.733	"Neutral"
"N316D"	-1.333	"Neutral"
"N316I"	-4	"Deleterious"
"N316T"	-2.633	"Deleterious"
"N316S"	-1.6	"Neutral"
"N316K"	-1.767	"Neutral"
"T317S"	-0.233	"Neutral"
"T317P"	-1.267	"Neutral"
"T317A"	-1	"Neutral"
"T317N"	-0.367	"Neutral"
"T317I"	-1.967	"Neutral"
"E318K"	-1.15	"Neutral"
"E318Q"	-0.984	"Neutral"
"E318V"	-3.012	"Deleterious"
"E318A"	-2.445	"Neutral"
"E318G"	-2.657	"Deleterious"
"E318D"	-0.864	"Neutral"
"L319I"	-0.5	"Neutral"
"L319V"	-0.6	"Neutral"
"L319F"	-1	"Neutral"
"L319H"	-1.1	"Neutral"
"L319P"	-1.75	"Neutral"
"L319R"	-1.333	"Neutral"
"L320I"	-0.667	"Neutral"
"L320V"	-1	"Neutral"
"L320F"	-0.35	"Neutral"
"L320H"	-1.783	"Neutral"
"L320P"	-2.8	"Deleterious"
"L320R"	-2.317	"Neutral"
"G321S"	0.298	"Neutral"
"G321R"	-0.193	"Neutral"
"G321C"	-1.768	"Neutral"
"G321D"	-0.326	"Neutral"
"G321A"	-0.426	"Neutral"
"G321V"	-1.326	"Neutral"
"Y322N"	-2.201	"Neutral"
"Y322H"	-1.539	"Neutral"
"Y322D"	-2.744	"Deleterious"
"Y322F"	-0.25	"Neutral"
"Y322S"	-1.487	"Neutral"
"Y322C"	-1.197	"Neutral"
"L323M"	-1.4	"Neutral"
"L323V"	-2.267	"Neutral"
"L323Q"	-3.8	"Deleterious"
"L323P"	-4.533	"Deleterious"
"L323R"	-3.7	"Deleterious"
"Q324K"	-1.867	"Neutral"
"Q324E"	-1.533	"Neutral"
"Q324L"	-3.967	"Deleterious"
"Q324P"	-3.933	"Deleterious"
"Q324R"	-2.1	"Neutral"
"Q324H"	-2.767	"Deleterious"
"V325I"	-0.464	"Neutral"
"V325L"	-0.762	"Neutral"
"V325F"	-1.227	"Neutral"
"V325D"	1.397	"Neutral"
"V325A"	0.521	"Neutral"
"V325G"	-0.035	"Neutral"
"F326I"	-1.853	"Neutral"
"F326L"	-1.642	"Neutral"
"F326V"	-1.885	"Neutral"
"F326Y"	0.187	"Neutral"
"F326S"	-1.029	"Neutral"
"F326C"	-1.474	"Neutral"
"P327T"	-3.067	"Deleterious"
"P327A"	-3.6	"Deleterious"
"P327S"	-3.2	"Deleterious"
"P327H"	-4.167	"Deleterious"
"P327R"	-3.5	"Deleterious"
"P327L"	-4.667	"Deleterious"
"G328S"	-1.161	"Neutral"
"G328R"	-2.861	"Deleterious"
"G328C"	-3.511	"Deleterious"
"G328D"	-1.272	"Neutral"
"G328A"	-2.039	"Neutral"
"G328V"	-3.794	"Deleterious"
"L329M"	-1.367	"Neutral"
"L329V"	-2.033	"Neutral"
"L329Q"	-4.2	"Deleterious"
"L329P"	-5.333	"Deleterious"
"L329R"	-4.3	"Deleterious"
"M330L"	1.127	"Neutral"
"M330V"	-0.677	"Neutral"
"M330K"	-3.096	"Deleterious"
"M330T"	-2.377	"Neutral"
"M330R"	-2.996	"Deleterious"
"M330I"	0.009	"Neutral"
"E331K"	-1.55	"Neutral"
"E331Q"	-0.972	"Neutral"
"E331V"	-2.272	"Neutral"
"E331A"	-2.594	"Deleterious"
"E331G"	-3.928	"Deleterious"
"E331D"	-1.878	"Neutral"
"R332S"	0.104	"Neutral"
"R332G"	-1.362	"Neutral"
"R332C"	-1.299	"Neutral"
"R332H"	-1.271	"Neutral"
"R332P"	-1.682	"Neutral"
"R332L"	-1.271	"Neutral"
"V333M"	-1.129	"Neutral"
"V333L"	-1.164	"Neutral"
"V333E"	-2.191	"Neutral"
"V333A"	0.309	"Neutral"
"V333G"	-2.046	"Neutral"
"I334F"	-2.564	"Deleterious"
"I334L"	-0.895	"Neutral"
"I334V"	-0.144	"Neutral"
"I334N"	-4.386	"Deleterious"
"I334T"	-2.342	"Neutral"
"I334S"	-3.386	"Deleterious"
"I334M"	-1.352	"Neutral"
"D335N"	-1.7	"Neutral"
"D335H"	-2.367	"Neutral"
"D335Y"	-2.867	"Deleterious"
"D335V"	-3.633	"Deleterious"
"D335A"	-2.967	"Deleterious"
"D335G"	-2.7	"Deleterious"
"D335E"	-0.633	"Neutral"
"V336I"	0.671	"Neutral"
"V336L"	1.679	"Neutral"
"V336F"	-1.425	"Neutral"
"V336D"	-4.162	"Deleterious"
"V336A"	-1.996	"Neutral"
"V336G"	-4.196	"Deleterious"
"L337I"	-1.6	"Neutral"
"L337V"	-2.333	"Neutral"
"L337S"	-4.6	"Deleterious"
"L337F"	-3.333	"Deleterious"
"R338G"	-3.945	"Deleterious"
"R338Q"	-1.673	"Neutral"
"R338P"	-3.777	"Deleterious"
"R338L"	-4.245	"Deleterious"
"V339M"	0.591	"Neutral"
"V339L"	0.237	"Neutral"
"V339E"	-0.798	"Neutral"
"V339A"	-0.218	"Neutral"
"V339G"	-1.531	"Neutral"
"I340F"	-2.833	"Deleterious"
"I340L"	-1.267	"Neutral"
"I340V"	-0.033	"Neutral"
"I340N"	-4.033	"Deleterious"
"I340T"	-1.967	"Neutral"
"I340S"	-3.333	"Deleterious"
"I340M"	-1.733	"Neutral"
"H341N"	-3.767	"Deleterious"
"H341D"	-5.167	"Deleterious"
"H341Y"	-3.467	"Deleterious"
"H341L"	-6.4	"Deleterious"
"H341P"	-5.967	"Deleterious"
"H341R"	-4.333	"Deleterious"
"H341Q"	-3.967	"Deleterious"
"E342K"	0.063	"Neutral"
"E342Q"	0.272	"Neutral"
"E342V"	1.39	"Neutral"
"E342A"	0.834	"Neutral"
"E342G"	-1.248	"Neutral"
"E342D"	-0.684	"Neutral"
"V343I"	-0.3	"Neutral"
"V343L"	-0.588	"Neutral"
"V343F"	-2.065	"Neutral"
"V343D"	-2.839	"Deleterious"
"V343A"	0.097	"Neutral"
"V343G"	-2.333	"Neutral"
"G344R"	-4.999	"Deleterious"
"G344E"	-4.765	"Deleterious"
"G344A"	-3.708	"Deleterious"
"G344V"	-5.76	"Deleterious"
"K345Q"	-2.416	"Neutral"
"K345E"	-2.435	"Neutral"
"K345I"	-5.599	"Deleterious"
"K345T"	-4.05	"Deleterious"
"K345R"	-1.875	"Neutral"
"K345N"	-3.227	"Deleterious"
"E346K"	-1.401	"Neutral"
"E346Q"	-0.036	"Neutral"
"E346V"	-2.841	"Deleterious"
"E346A"	-1.941	"Neutral"
"E346G"	-2.783	"Deleterious"
"E346D"	-0.773	"Neutral"
"S347C"	-2.515	"Deleterious"
"S347R"	-2.643	"Deleterious"
"S347G"	-2.192	"Neutral"
"S347N"	-1.151	"Neutral"
"S347T"	0.194	"Neutral"
"S347I"	-3.257	"Deleterious"
"T348S"	-0.189	"Neutral"
"T348P"	-1.715	"Neutral"
"T348A"	-1.093	"Neutral"
"T348K"	-0.578	"Neutral"
"T348R"	-1.049	"Neutral"
"T348M"	-1.788	"Neutral"
"N349Y"	-5.88	"Deleterious"
"N349H"	-3.521	"Deleterious"
"N349D"	-3.617	"Deleterious"
"N349I"	-6.842	"Deleterious"
"N349T"	-4.376	"Deleterious"
"N349S"	-3.634	"Deleterious"
"N349K"	-4.546	"Deleterious"
"I350F"	-1.697	"Neutral"
"I350L"	-0.995	"Neutral"
"I350V"	0.044	"Neutral"
"I350N"	-2.425	"Neutral"
"I350T"	-1.753	"Neutral"
"I350S"	-2.125	"Neutral"
"I350M"	-1.124	"Neutral"
"F351I"	-4.367	"Deleterious"
"F351L"	-4.4	"Deleterious"
"F351V"	-5	"Deleterious"
"F351Y"	-2.133	"Neutral"
"F351S"	-5.167	"Deleterious"
"F351C"	-5.433	"Deleterious"
"S352C"	-2.2	"Neutral"
"S352R"	-2.233	"Neutral"
"S352G"	-2.333	"Neutral"
"S352N"	-1.2	"Neutral"
"S352T"	0.7	"Neutral"
"S352I"	-2.733	"Deleterious"
"P353T"	-0.25	"Neutral"
"P353A"	-0.403	"Neutral"
"P353S"	-0.505	"Neutral"
"P353H"	-1.624	"Neutral"
"P353R"	-1.269	"Neutral"
"P353L"	-1.058	"Neutral"
"S354T"	-0.021	"Neutral"
"S354P"	-1.309	"Neutral"
"S354A"	0.197	"Neutral"
"S354L"	-0.521	"Neutral"
"D355N"	0.791	"Neutral"
"D355H"	0.635	"Neutral"
"D355Y"	-1.077	"Neutral"
"D355V"	-1.4	"Neutral"
"D355A"	-0.362	"Neutral"
"D355G"	0.231	"Neutral"
"D355E"	0.292	"Neutral"
"S356T"	-0.093	"Neutral"
"S356P"	-1.387	"Neutral"
"S356A"	-0.218	"Neutral"
"S356Y"	-1.366	"Neutral"
"S356C"	0.602	"Neutral"
"S356F"	-1.572	"Neutral"
"L357I"	0.471	"Neutral"
"L357V"	0.692	"Neutral"
"L357Q"	-1.047	"Neutral"
"L357P"	-1.275	"Neutral"
"L357R"	-1.619	"Neutral"
"K358Q"	-0.451	"Neutral"
"K358E"	-0.389	"Neutral"
"K358I"	-1.806	"Neutral"
"K358T"	-0.084	"Neutral"
"K358R"	0.132	"Neutral"
"K358N"	-0.251	"Neutral"
"A359T"	-0.322	"Neutral"
"A359P"	-0.731	"Neutral"
"A359S"	-0.258	"Neutral"
"A359E"	-0.675	"Neutral"
"A359G"	0.533	"Neutral"
"A359V"	-1.322	"Neutral"
"E360K"	-0.847	"Neutral"
"E360Q"	-0.747	"Neutral"
"E360V"	-2.159	"Neutral"
"E360A"	-1.895	"Neutral"
"E360G"	-1.52	"Neutral"
"E360D"	-0.399	"Neutral"
"G361S"	-1.2	"Neutral"
"G361R"	-2.433	"Neutral"
"G361C"	-3.1	"Deleterious"
"G361D"	-1.7	"Neutral"
"G361A"	-1.4	"Neutral"
"G361V"	-2.6	"Deleterious"
"D362N"	-2.1	"Neutral"
"D362H"	-3.5	"Deleterious"
"D362Y"	-4.05	"Deleterious"
"D362V"	-3.7	"Deleterious"
"D362A"	-2.783	"Deleterious"
"D362G"	-2.617	"Deleterious"
"D362E"	-1.933	"Neutral"
"I363F"	-1.333	"Neutral"
"I363L"	-0.4	"Neutral"
"I363V"	-0.245	"Neutral"
"I363N"	-1.723	"Neutral"
"I363T"	-1.179	"Neutral"
"I363S"	-1.023	"Neutral"
"I363M"	-0.589	"Neutral"
"E364K"	-0.408	"Neutral"
"E364Q"	-0.11	"Neutral"
"E364V"	-1.781	"Neutral"
"E364A"	-0.168	"Neutral"
"E364G"	-0.188	"Neutral"
"E364D"	-0.06	"Neutral"
"H365N"	-0.694	"Neutral"
"H365D"	-2.207	"Neutral"
"H365Y"	-2.697	"Deleterious"
"H365L"	-4.299	"Deleterious"
"H365P"	-2.565	"Deleterious"
"H365R"	-2.762	"Deleterious"
"H365Q"	-2.355	"Neutral"
"M366L"	-0.376	"Neutral"
"M366V"	0.324	"Neutral"
"M366K"	0.024	"Neutral"
"M366T"	0.041	"Neutral"
"M366R"	-0.617	"Neutral"
"M366I"	-0.185	"Neutral"
"T367S"	0.082	"Neutral"
"T367P"	-1.301	"Neutral"
"T367A"	1.003	"Neutral"
"T367N"	-1.66	"Neutral"
"T367I"	-1.12	"Neutral"
"E368K"	-0.426	"Neutral"
"E368Q"	-0.351	"Neutral"
"E368V"	0.282	"Neutral"
"E368A"	0.048	"Neutral"
"E368G"	-1.228	"Neutral"
"E368D"	-0.379	"Neutral"
"G369S"	-3.967	"Deleterious"
"G369R"	-5.7	"Deleterious"
"G369C"	-6.467	"Deleterious"
"G369D"	-4.867	"Deleterious"
"G369A"	-4.367	"Deleterious"
"G369V"	-6.333	"Deleterious"
"F370I"	-5.1	"Deleterious"
"F370L"	-5.067	"Deleterious"
"F370V"	-6	"Deleterious"
"F370Y"	-2.633	"Deleterious"
"F370S"	-7	"Deleterious"
"F370C"	-6.867	"Deleterious"
"K371Q"	-3.5	"Deleterious"
"K371E"	-3.533	"Deleterious"
"K371M"	-5.3	"Deleterious"
"K371T"	-5.3	"Deleterious"
"K371R"	-2.5	"Deleterious"
"K371N"	-4.4	"Deleterious"
"S372T"	-1.322	"Neutral"
"S372P"	-2.5	"Deleterious"
"S372A"	0	"Neutral"
"S372Y"	-3.167	"Deleterious"
"S372C"	-2.078	"Neutral"
"S372F"	-3.4	"Deleterious"
"H373N"	-1.583	"Neutral"
"H373D"	-2.133	"Neutral"
"H373Y"	-3.117	"Deleterious"
"H373L"	-5.533	"Deleterious"
"H373P"	-4.283	"Deleterious"
"H373R"	-3.367	"Deleterious"
"H373Q"	-2.783	"Deleterious"
"L374I"	-1.667	"Neutral"
"L374V"	-2.567	"Deleterious"
"L374F"	-3.533	"Deleterious"
"L374H"	-6.233	"Deleterious"
"L374P"	-6.233	"Deleterious"
"L374R"	-5.367	"Deleterious"
"I375F"	-3.6	"Deleterious"
"I375L"	-1.8	"Neutral"
"I375V"	-0.433	"Neutral"
"I375N"	-6.067	"Deleterious"
"I375T"	-4.033	"Deleterious"
"I375S"	-5.167	"Deleterious"
"I375M"	-2.467	"Neutral"
"R376S"	-4.833	"Deleterious"
"R376G"	-5.8	"Deleterious"
"R376C"	-6.667	"Deleterious"
"R376H"	-4.167	"Deleterious"
"R376P"	-5.767	"Deleterious"
"R376L"	-5.833	"Deleterious"
"L377M"	-1.467	"Neutral"
"L377V"	-1.567	"Neutral"
"L377Q"	-4.967	"Deleterious"
"L377P"	-5.633	"Deleterious"
"L377R"	-5.067	"Deleterious"
"I378F"	-3.533	"Deleterious"
"I378L"	-1.667	"Neutral"
"I378V"	-0.767	"Neutral"
"I378N"	-6.167	"Deleterious"
"I378T"	-4.3	"Deleterious"
"I378S"	-5.267	"Deleterious"
"I378M"	-2.533	"Deleterious"
"G379R"	-7.2	"Deleterious"
"G379E"	-7.167	"Deleterious"
"G379A"	-5.4	"Deleterious"
"G379V"	-8.1	"Deleterious"
"N380Y"	-7.2	"Deleterious"
"N380H"	-4.5	"Deleterious"
"N380D"	-4.5	"Deleterious"
"N380I"	-8.1	"Deleterious"
"N380T"	-5.4	"Deleterious"
"N380S"	-4.5	"Deleterious"
"N380K"	-5.4	"Deleterious"
"L381M"	-0.233	"Neutral"
"L381V"	-2	"Neutral"
"L381Q"	-4.067	"Deleterious"
"L381P"	-5.233	"Deleterious"
"L381R"	-4.367	"Deleterious"
"C382S"	-5.1	"Deleterious"
"C382R"	-7.4	"Deleterious"
"C382G"	-7.2	"Deleterious"
"C382Y"	-6.8	"Deleterious"
"C382F"	-6.8	"Deleterious"
"C382W"	-7.2	"Deleterious"
"Y383N"	-6.567	"Deleterious"
"Y383H"	-2.6	"Deleterious"
"Y383D"	-7.567	"Deleterious"
"Y383F"	-3.1	"Deleterious"
"Y383S"	-6.833	"Deleterious"
"Y383C"	-7.133	"Deleterious"
"K384Q"	-1.767	"Neutral"
"K384E"	-2.267	"Neutral"
"K384M"	-3.467	"Deleterious"
"K384T"	-3.633	"Deleterious"
"K384R"	-0.7	"Neutral"
"K384N"	-2.733	"Deleterious"
"N385Y"	-5	"Deleterious"
"N385H"	-1.983	"Neutral"
"N385D"	-2.933	"Deleterious"
"N385I"	-6.45	"Deleterious"
"N385T"	-4.2	"Deleterious"
"N385S"	-3.267	"Deleterious"
"N385K"	-3.967	"Deleterious"
"K386Q"	-1.833	"Neutral"
"K386E"	-1.8	"Neutral"
"K386I"	-4.733	"Deleterious"
"K386T"	-2.9	"Deleterious"
"K386R"	-1.067	"Neutral"
"K386N"	-2.6	"Deleterious"
"E387K"	-0.819	"Neutral"
"E387Q"	-0.819	"Neutral"
"E387V"	-2.137	"Neutral"
"E387A"	-1.537	"Neutral"
"E387G"	-2.108	"Neutral"
"E387D"	-0.463	"Neutral"
"N388Y"	-3.267	"Deleterious"
"N388H"	-2.433	"Neutral"
"N388D"	-3	"Deleterious"
"N388I"	-3.9	"Deleterious"
"N388T"	-2.9	"Deleterious"
"N388S"	-2.5	"Deleterious"
"N388K"	-3.267	"Deleterious"
"Q389K"	-3.6	"Deleterious"
"Q389E"	-2.7	"Deleterious"
"Q389L"	-6.3	"Deleterious"
"Q389P"	-5.4	"Deleterious"
"Q389R"	-3.6	"Deleterious"
"Q389H"	-4.5	"Deleterious"
"D390N"	-2.917	"Deleterious"
"D390H"	-5.05	"Deleterious"
"D390Y"	-6.95	"Deleterious"
"D390V"	-7.083	"Deleterious"
"D390A"	-6.183	"Deleterious"
"D390G"	-5.25	"Deleterious"
"D390E"	-2.883	"Deleterious"
"K391Q"	-1.967	"Neutral"
"K391E"	-1.933	"Neutral"
"K391I"	-3.7	"Deleterious"
"K391T"	-3.133	"Deleterious"
"K391R"	-1.4	"Neutral"
"K391N"	-2.933	"Deleterious"
"V392M"	-1.833	"Neutral"
"V392L"	-1.433	"Neutral"
"V392E"	-4.833	"Deleterious"
"V392A"	-3.1	"Deleterious"
"V392G"	-5.7	"Deleterious"
"N393Y"	-1.04	"Neutral"
"N393H"	-0.151	"Neutral"
"N393D"	-2.179	"Neutral"
"N393I"	-3.168	"Deleterious"
"N393T"	-1.735	"Neutral"
"N393S"	-1.391	"Neutral"
"N393K"	-0.34	"Neutral"
"E394K"	-2.856	"Deleterious"
"E394Q"	-1.756	"Neutral"
"E394V"	-5.044	"Deleterious"
"E394A"	-4.144	"Deleterious"
"E394G"	-5.089	"Deleterious"
"E394D"	-2.022	"Neutral"
"L395M"	-0.633	"Neutral"
"L395V"	-1.733	"Neutral"
"L395Q"	-3.6	"Deleterious"
"L395P"	-4.667	"Deleterious"
"L395R"	-3.7	"Deleterious"
"D396N"	-2.867	"Deleterious"
"D396H"	-4.4	"Deleterious"
"D396Y"	-6.1	"Deleterious"
"D396V"	-6.1	"Deleterious"
"D396A"	-4.967	"Deleterious"
"D396G"	-4	"Deleterious"
"D396E"	-1.8	"Neutral"
"G397S"	-4.133	"Deleterious"
"G397R"	-5.933	"Deleterious"
"G397C"	-6.433	"Deleterious"
"G397D"	-5.2	"Deleterious"
"G397A"	-3.933	"Deleterious"
"G397V"	-5.933	"Deleterious"
"I398F"	-3.367	"Deleterious"
"I398L"	-1.4	"Neutral"
"I398V"	-0.833	"Neutral"
"I398N"	-5.833	"Deleterious"
"I398T"	-4.133	"Deleterious"
"I398S"	-4.967	"Deleterious"
"I398M"	-2.367	"Neutral"
"P399T"	-5.004	"Deleterious"
"P399A"	-4.477	"Deleterious"
"P399S"	-4.743	"Deleterious"
"P399H"	-6.056	"Deleterious"
"P399R"	-5.855	"Deleterious"
"P399L"	-6.454	"Deleterious"
"L400M"	-1.5	"Neutral"
"L400V"	-2.2	"Neutral"
"L400Q"	-4.633	"Deleterious"
"L400P"	-5.167	"Deleterious"
"L400R"	-4.7	"Deleterious"
"I401F"	-2.722	"Deleterious"
"I401L"	-0.478	"Neutral"
"I401V"	-0.833	"Neutral"
"I401N"	-5.289	"Deleterious"
"I401T"	-3.633	"Deleterious"
"I401S"	-4.389	"Deleterious"
"I401M"	-1.633	"Neutral"
"L402M"	-1.733	"Neutral"
"L402V"	-2.5	"Deleterious"
"L402Q"	-5.167	"Deleterious"
"L402P"	-5.767	"Deleterious"
"L402R"	-5.2	"Deleterious"
"D403N"	-3.2	"Deleterious"
"D403H"	-5	"Deleterious"
"D403Y"	-6.7	"Deleterious"
"D403V"	-6.767	"Deleterious"
"D403A"	-5.867	"Deleterious"
"D403G"	-5.067	"Deleterious"
"D403E"	-2.6	"Deleterious"
"S404C"	0.164	"Neutral"
"S404R"	-1.278	"Neutral"
"S404G"	-1.342	"Neutral"
"S404N"	0.778	"Neutral"
"S404T"	-0.672	"Neutral"
"S404I"	-2.039	"Neutral"
"S405C"	8.171	"Neutral"
"S405R"	-1.744	"Neutral"
"S405G"	-1.607	"Neutral"
"S405N"	-1.759	"Neutral"
"S405T"	0.001	"Neutral"
"S405I"	-0.265	"Neutral"
"N406Y"	-4.559	"Deleterious"
"N406H"	-3.003	"Deleterious"
"N406D"	-2.741	"Deleterious"
"N406I"	-4.794	"Deleterious"
"N406T"	-2.503	"Deleterious"
"N406S"	-1.306	"Neutral"
"N406K"	-3.022	"Deleterious"
"I407F"	-2.674	"Deleterious"
"I407L"	-1.203	"Neutral"
"I407V"	-0.569	"Neutral"
"I407N"	-5.266	"Deleterious"
"I407T"	-3.294	"Deleterious"
"I407S"	-4.366	"Deleterious"
"I407M"	-1.777	"Neutral"
"D408N"	-3.758	"Deleterious"
"D408H"	-5.558	"Deleterious"
"D408Y"	-7.228	"Deleterious"
"D408V"	-7.195	"Deleterious"
"D408A"	-6.07	"Deleterious"
"D408G"	-5.428	"Deleterious"
"D408E"	-3.083	"Deleterious"
"D409N"	-1.91	"Neutral"
"D409H"	-2.977	"Deleterious"
"D409Y"	-4.04	"Deleterious"
"D409V"	-3.273	"Deleterious"
"D409A"	-1.699	"Neutral"
"D409G"	-2.546	"Deleterious"
"D409E"	-1.055	"Neutral"
"N410Y"	-3.439	"Deleterious"
"N410H"	-1.976	"Neutral"
"N410D"	-2.129	"Neutral"
"N410I"	-4.259	"Deleterious"
"N410T"	-2.038	"Neutral"
"N410S"	-1.247	"Neutral"
"N410K"	-1.246	"Neutral"
"N411Y"	-6.981	"Deleterious"
"N411H"	-4.321	"Deleterious"
"N411D"	-4.387	"Deleterious"
"N411I"	-7.881	"Deleterious"
"N411T"	-5.219	"Deleterious"
"N411S"	-4.254	"Deleterious"
"N411K"	-5.117	"Deleterious"
"P412T"	-6.588	"Deleterious"
"P412A"	-6.455	"Deleterious"
"P412S"	-6.555	"Deleterious"
"P412H"	-7.445	"Deleterious"
"P412R"	-7.253	"Deleterious"
"P412L"	-8.299	"Deleterious"
"F413I"	-3.1	"Deleterious"
"F413L"	-2.767	"Deleterious"
"F413V"	-3.727	"Deleterious"
"F413Y"	-1.063	"Neutral"
"F413S"	-4.837	"Deleterious"
"F413C"	-4.235	"Deleterious"
"M414L"	0.837	"Neutral"
"M414V"	0.726	"Neutral"
"M414K"	-3.367	"Deleterious"
"M414T"	-2.118	"Neutral"
"M414R"	-3.344	"Deleterious"
"M414I"	1.403	"Neutral"
"M415L"	-0.654	"Neutral"
"M415V"	-0.851	"Neutral"
"M415K"	-0.706	"Neutral"
"M415T"	0.269	"Neutral"
"M415R"	-0.586	"Neutral"
"M415I"	-0.95	"Neutral"
"Q416K"	-3.168	"Deleterious"
"Q416E"	-2.205	"Neutral"
"Q416L"	-5.577	"Deleterious"
"Q416P"	-4.824	"Deleterious"
"Q416R"	-3.219	"Deleterious"
"Q416H"	-4.082	"Deleterious"
"W417R"	-11.96	"Deleterious"
"W417G"	-11.103	"Deleterious"
"W417S"	-11.838	"Deleterious"
"W417L"	-11.083	"Deleterious"
"W417C"	-10.7	"Deleterious"
"V418M"	-0.788	"Neutral"
"V418L"	-0.921	"Neutral"
"V418E"	-0.944	"Neutral"
"V418A"	1.349	"Neutral"
"V418G"	-0.732	"Neutral"
"V419M"	-1.982	"Neutral"
"V419L"	-1.47	"Neutral"
"V419E"	-4.717	"Deleterious"
"V419A"	-2.953	"Deleterious"
"V419G"	-5.672	"Deleterious"
"Y420N"	-4.324	"Deleterious"
"Y420H"	-2.762	"Deleterious"
"Y420D"	-4.896	"Deleterious"
"Y420F"	-0.151	"Neutral"
"Y420S"	-3.742	"Deleterious"
"Y420C"	-3.344	"Deleterious"
"A421T"	-1.603	"Neutral"
"A421P"	-3.279	"Deleterious"
"A421S"	-1.653	"Neutral"
"A421D"	-4.059	"Deleterious"
"A421G"	-3.087	"Deleterious"
"A421V"	-2.59	"Deleterious"
"V422M"	-1.206	"Neutral"
"V422L"	-0.326	"Neutral"
"V422E"	-4.287	"Deleterious"
"V422A"	-2.732	"Deleterious"
"V422G"	-5.369	"Deleterious"
"R423G"	-5.8	"Deleterious"
"R423Q"	-3.278	"Deleterious"
"R423P"	-5.259	"Deleterious"
"R423L"	-5.929	"Deleterious"
"N424Y"	-6.672	"Deleterious"
"N424H"	-4.008	"Deleterious"
"N424D"	-4.145	"Deleterious"
"N424I"	-7.467	"Deleterious"
"N424T"	-4.728	"Deleterious"
"N424S"	-4.112	"Deleterious"
"N424K"	-5.001	"Deleterious"
"L425I"	-1.422	"Neutral"
"L425V"	-2.181	"Neutral"
"L425F"	-3.147	"Deleterious"
"L425H"	-5.369	"Deleterious"
"L425P"	-5.333	"Deleterious"
"L425R"	-4.565	"Deleterious"
"T426S"	-1.36	"Neutral"
"T426P"	-2.236	"Neutral"
"T426A"	-0.991	"Neutral"
"T426N"	-2.605	"Deleterious"
"T426I"	-1.108	"Neutral"
"E427K"	-3.263	"Deleterious"
"E427Q"	-2.318	"Neutral"
"E427V"	-5.713	"Deleterious"
"E427A"	-4.732	"Deleterious"
"E427G"	-5.282	"Deleterious"
"E427D"	-2.051	"Neutral"
"D428N"	0.277	"Neutral"
"D428H"	-0.976	"Neutral"
"D428Y"	-2.847	"Deleterious"
"D428V"	-3.439	"Deleterious"
"D428A"	-2.303	"Neutral"
"D428G"	-0.929	"Neutral"
"D428E"	-0.606	"Neutral"
"N429Y"	-6.728	"Deleterious"
"N429H"	-4.008	"Deleterious"
"N429D"	-4.194	"Deleterious"
"N429I"	-7.508	"Deleterious"
"N429T"	-4.904	"Deleterious"
"N429S"	-4.192	"Deleterious"
"N429K"	-5.008	"Deleterious"
"S430C"	-1.932	"Neutral"
"S430R"	-1.075	"Neutral"
"S430G"	-1.789	"Neutral"
"S430N"	-0.967	"Neutral"
"S430T"	-0.512	"Neutral"
"S430I"	-1.294	"Neutral"
"Q431K"	-0.393	"Neutral"
"Q431E"	0.362	"Neutral"
"Q431L"	-3.106	"Deleterious"
"Q431P"	-2.19	"Neutral"
"Q431R"	-0.531	"Neutral"
"Q431H"	-1.837	"Neutral"
"N432Y"	-6.677	"Deleterious"
"N432H"	-4.091	"Deleterious"
"N432D"	-4.241	"Deleterious"
"N432I"	-7.341	"Deleterious"
"N432T"	-4.987	"Deleterious"
"N432S"	-4.008	"Deleterious"
"N432K"	-4.935	"Deleterious"
"Q433K"	-3.179	"Deleterious"
"Q433E"	-2.485	"Neutral"
"Q433L"	-5.833	"Deleterious"
"Q433P"	-4.492	"Deleterious"
"Q433R"	-3.214	"Deleterious"
"Q433H"	-4.259	"Deleterious"
"D434N"	-0.818	"Neutral"
"D434H"	-1.264	"Neutral"
"D434Y"	-2.705	"Deleterious"
"D434V"	-2.544	"Deleterious"
"D434A"	-1.276	"Neutral"
"D434G"	-2.126	"Neutral"
"D434E"	1.262	"Neutral"
"V435I"	0.222	"Neutral"
"V435L"	0.025	"Neutral"
"V435F"	-1.647	"Neutral"
"V435D"	-4.478	"Deleterious"
"V435A"	-2.404	"Neutral"
"V435G"	-4.88	"Deleterious"
"I436F"	-3.196	"Deleterious"
"I436L"	-1.322	"Neutral"
"I436V"	-0.712	"Neutral"
"I436N"	-5.477	"Deleterious"
"I436T"	-3.772	"Deleterious"
"I436S"	-4.633	"Deleterious"
"I436M"	-2.132	"Neutral"
"A437T"	-1.979	"Neutral"
"A437P"	-2.837	"Deleterious"
"A437S"	-1.151	"Neutral"
"A437D"	-3.235	"Deleterious"
"A437G"	-1.647	"Neutral"
"A437V"	-2.628	"Deleterious"
"K438Q"	-0.628	"Neutral"
"K438E"	-0.392	"Neutral"
"K438M"	-2.038	"Neutral"
"K438T"	-1.419	"Neutral"
"K438R"	-0.619	"Neutral"
"K438N"	-0.222	"Neutral"
"M439L"	-0.422	"Neutral"
"M439V"	-1.905	"Neutral"
"M439K"	-3.567	"Deleterious"
"M439T"	-2.995	"Deleterious"
"M439R"	-3.532	"Deleterious"
"M439I"	-1.536	"Neutral"
"E440K"	-1.558	"Neutral"
"E440Q"	-1.201	"Neutral"
"E440V"	-3.401	"Deleterious"
"E440A"	-2.755	"Deleterious"
"E440G"	-3.3	"Deleterious"
"E440D"	-1.453	"Neutral"
"E441K"	-0.038	"Neutral"
"E441Q"	-0.06	"Neutral"
"E441V"	-2.379	"Neutral"
"E441A"	-1.706	"Neutral"
"E441G"	-2.356	"Neutral"
"E441D"	-0.942	"Neutral"
"Q442K"	-1.079	"Neutral"
"Q442E"	-1.012	"Neutral"
"Q442L"	-2.633	"Deleterious"
"Q442P"	-2.914	"Deleterious"
"Q442R"	-1.246	"Neutral"
"Q442H"	-1.197	"Neutral"
"G443S"	-4.527	"Deleterious"
"G443R"	-6.35	"Deleterious"
"G443C"	-6.942	"Deleterious"
"G443D"	-5.59	"Deleterious"
"G443A"	-4.477	"Deleterious"
"G443V"	-6.732	"Deleterious"
"L444M"	-0.756	"Neutral"
"L444V"	-0.1	"Neutral"
"L444S"	-3.033	"Deleterious"
"L444W"	-3.971	"Deleterious"
"L444F"	-2.281	"Neutral"
"A445T"	-1.532	"Neutral"
"A445P"	-3.177	"Deleterious"
"A445S"	-1.701	"Neutral"
"A445E"	-3.127	"Deleterious"
"A445G"	-2.822	"Deleterious"
"A445V"	-0.45	"Neutral"
"D446N"	-2.758	"Deleterious"
"D446H"	-4.031	"Deleterious"
"D446Y"	-5.704	"Deleterious"
"D446V"	-5.868	"Deleterious"
"D446A"	-4.885	"Deleterious"
"D446G"	-4.512	"Deleterious"
"D446E"	-1.695	"Neutral"
"A447T"	0.482	"Neutral"
"A447P"	-0.41	"Neutral"
"A447S"	1.177	"Neutral"
"A447E"	-0.374	"Neutral"
"A447G"	-0.635	"Neutral"
"A447V"	-1.094	"Neutral"
"S448T"	-0.735	"Neutral"
"S448P"	-1.359	"Neutral"
"S448A"	-1.035	"Neutral"
"S448Y"	-3.404	"Deleterious"
"S448C"	-2.437	"Neutral"
"S448F"	-3.472	"Deleterious"
"L449I"	0.11	"Neutral"
"L449V"	0.432	"Neutral"
"L449Q"	-1.255	"Neutral"
"L449P"	-2.097	"Neutral"
"L449R"	-1.703	"Neutral"
"L450M"	-1.424	"Neutral"
"L450V"	-1.95	"Neutral"
"L450Q"	-4.606	"Deleterious"
"L450P"	-5.327	"Deleterious"
"L450R"	-4.692	"Deleterious"
"K451Q"	-0.163	"Neutral"
"K451E"	-0.613	"Neutral"
"K451M"	-2.437	"Neutral"
"K451T"	-1.886	"Neutral"
"K451R"	-0.553	"Neutral"
"K451N"	-1.026	"Neutral"
"K452Q"	-0.147	"Neutral"
"K452E"	0.888	"Neutral"
"K452I"	-3.054	"Deleterious"
"K452T"	-1.568	"Neutral"
"K452R"	-0.903	"Neutral"
"K452N"	-0.735	"Neutral"
"M453L"	-0.903	"Neutral"
"M453V"	-2.027	"Neutral"
"M453K"	-3.59	"Deleterious"
"M453T"	-3.137	"Deleterious"
"M453R"	-3.716	"Deleterious"
"M453I"	-1.818	"Neutral"
"G454S"	-4.786	"Deleterious"
"G454R"	-6.292	"Deleterious"
"G454C"	-6.754	"Deleterious"
"G454D"	-5.614	"Deleterious"
"G454A"	-4.736	"Deleterious"
"G454V"	-7.121	"Deleterious"
"F455I"	0.597	"Neutral"
"F455L"	0.981	"Neutral"
"F455V"	0.203	"Neutral"
"F455Y"	-0.851	"Neutral"
"F455S"	-2.292	"Neutral"
"F455C"	-1.959	"Neutral"
"E456K"	-1.046	"Neutral"
"E456Q"	-0.685	"Neutral"
"E456V"	-1.897	"Neutral"
"E456A"	-1.319	"Neutral"
"E456G"	-2.814	"Deleterious"
"E456D"	-1.279	"Neutral"
"I457F"	-2.346	"Neutral"
"I457L"	-0.556	"Neutral"
"I457V"	0.182	"Neutral"
"I457N"	-3.576	"Deleterious"
"I457T"	-1.865	"Neutral"
"I457S"	-2.581	"Deleterious"
"I457M"	-1.096	"Neutral"
"E458K"	-1.746	"Neutral"
"E458Q"	-1.385	"Neutral"
"E458V"	-3.364	"Deleterious"
"E458A"	-2.769	"Deleterious"
"E458G"	-3.431	"Deleterious"
"E458D"	-0.474	"Neutral"
"K459Q"	-0.041	"Neutral"
"K459E"	0.943	"Neutral"
"K459M"	-1.364	"Neutral"
"K459T"	-1.458	"Neutral"
"K459R"	-0.851	"Neutral"
"K459N"	-0.83	"Neutral"
"S460C"	-1.975	"Neutral"
"S460R"	0.903	"Neutral"
"S460G"	-1.013	"Neutral"
"S460N"	0.198	"Neutral"
"S460T"	-0.285	"Neutral"
"S460I"	-1.853	"Neutral"
"G461R"	-1.642	"Neutral"
"G461W"	-3.042	"Deleterious"
"G461E"	0.424	"Neutral"
"G461A"	-1.319	"Neutral"
"G461V"	-2.304	"Neutral"
"D462N"	-0.433	"Neutral"
"D462H"	-1.384	"Neutral"
"D462Y"	-2.504	"Deleterious"
"D462V"	-2.521	"Deleterious"
"D462A"	-0.97	"Neutral"
"D462G"	1.133	"Neutral"
"D462E"	-0.018	"Neutral"
"K463Q"	-1.446	"Neutral"
"K463E"	-1.513	"Neutral"
"K463I"	-2.892	"Deleterious"
"K463T"	-2.019	"Neutral"
"K463R"	-1.118	"Neutral"
"K463N"	-1.341	"Neutral"
"L464M"	-1.023	"Neutral"
"L464V"	-1.085	"Neutral"
"L464Q"	-2.603	"Deleterious"
"L464P"	-3.231	"Deleterious"
"L464R"	-2.436	"Neutral"
"I465F"	-1.113	"Neutral"
"I465L"	-0.09	"Neutral"
"I465V"	-0.095	"Neutral"
"I465N"	-1.031	"Neutral"
"I465T"	-0.274	"Neutral"
"I465S"	-0.336	"Neutral"
"I465M"	-0.235	"Neutral"
"L466M"	-0.956	"Neutral"
"L466V"	-0.618	"Neutral"
"L466Q"	-2.386	"Neutral"
"L466P"	-1.964	"Neutral"
"L466R"	-1.736	"Neutral"
"K467Q"	-1.526	"Neutral"
"K467E"	-1.744	"Neutral"
"K467M"	-1.915	"Neutral"
"K467T"	-2.349	"Neutral"
"K467R"	-0.51	"Neutral"
"K467N"	-1.821	"Neutral"
"S468T"	-0.71	"Neutral"
"S468P"	0.215	"Neutral"
"S468A"	-0.91	"Neutral"
"S468Y"	-2.087	"Neutral"
"S468C"	-1.833	"Neutral"
"S468F"	-2.278	"Neutral"
"N469Y"	-0.348	"Neutral"
"N469H"	-0.226	"Neutral"
"N469D"	-0.251	"Neutral"
"N469I"	1.771	"Neutral"
"N469T"	1.271	"Neutral"
"N469S"	0.612	"Neutral"
"N469K"	0.112	"Neutral"
"N470Y"	-1.333	"Neutral"
"N470H"	-0.707	"Neutral"
"N470D"	-0.016	"Neutral"
"N470I"	-0.942	"Neutral"
"N470T"	-0.412	"Neutral"
"N470S"	-0.181	"Neutral"
"N470K"	0.415	"Neutral"
"D471N"	-0.024	"Neutral"
"D471H"	-0.281	"Neutral"
"D471Y"	-0.581	"Neutral"
"D471V"	0.104	"Neutral"
"D471A"	-0.055	"Neutral"
"D471G"	-0.597	"Neutral"
"D471E"	0.421	"Neutral"
"I472F"	-0.698	"Neutral"
"I472L"	-0.173	"Neutral"
"I472V"	0.345	"Neutral"
"I472N"	0.311	"Neutral"
"I472T"	0.824	"Neutral"
"I472S"	0.895	"Neutral"
"I472M"	0.108	"Neutral"
"P473T"	-1.9	"Neutral"
"P473A"	-2.002	"Neutral"
"P473S"	-1.577	"Neutral"
"P473H"	-2.789	"Deleterious"
"P473R"	-1.989	"Neutral"
"P473L"	-2.412	"Neutral"
"P474T"	0.325	"Neutral"
"P474A"	0.758	"Neutral"
"P474S"	0.847	"Neutral"
"P474Q"	0.406	"Neutral"
"P474R"	0.305	"Neutral"
"P474L"	0.501	"Neutral"
